0_stalin_desc,0.1_stalin_desc,0.2_stalin_desc,0.3_stalin_desc,0.4_stalin_desc,73_stalin_desc,430_stalin_desc,57_stalin_desc,217_stalin_desc,103_stalin_desc,299_stalin_desc,228_stalin_desc,231_stalin_desc,320_stalin_desc,Unnamed: 15_stalin_desc,192_stalin_desc,314_stalin_desc,131_stalin_desc,133_stalin_desc,286_stalin_desc,134_stalin_desc,52_stalin_desc,477_stalin_desc,318_stalin_desc,226_stalin_desc,480_stalin_desc,367_stalin_desc,104_stalin_desc,275_stalin_desc,825_stalin_desc,558_stalin_desc,645_stalin_desc,768_stalin_desc,675_stalin_desc,640_stalin_desc,608_stalin_desc,760_stalin_desc,876_stalin_desc,643_stalin_desc,491_stalin_desc,363_stalin_desc,433_stalin_desc,656_stalin_desc,627_stalin_desc,556_stalin_desc,559_stalin_desc,500_stalin_desc,718_stalin_desc,700_stalin_desc,504_stalin_desc,683_stalin_desc,589_stalin_desc,775_stalin_desc,584_stalin_desc,477.1_stalin_desc,609_stalin_desc,609.1_stalin_desc,451_stalin_desc,658_stalin_desc,560_stalin_desc,540_stalin_desc,518_stalin_desc,586_stalin_desc,619_stalin_desc,735_stalin_desc
0.1,0.0,0.0,0.0,0.0,73.0,433.0,57.0,218.0,102.0,303.0,229.0,234.0,321.0,247.0,194.0,318.0,134.0,137.0,287.0,135.0,52.0,478.0,319.0,226.0,480.0,368.0,104.0,276.0,824.0,558.0,644.0,766.0,673.0,641.0,606.0,759.0,874.0,640.0,489.0,362.0,430.0,654.0,625.0,554.0,557.0,499.0,716.0,698.0,501.0,680.0,586.0,771.0,583.0,476.0,606.0,606.0,448.0,657.0,559.0,538.0,518.0,583.0,617.0,733.0
,0.0,0.0,0.0,0.0,71.0,,0.0,218.0,99.0,,,,,,194.0,,,,287.0,,51.0,,,226.0,,,,,823.0,558.0,643.0,764.0,670.0,641.0,605.0,756.0,874.0,639.0,485.0,361.0,427.0,652.0,622.0,552.0,555.0,496.0,715.0,696.0,499.0,678.0,586.0,770.0,580.0,475.0,603.0,606.0,445.0,657.0,559.0,537.0,518.0,581.0,616.0,731.0
,0.0,0.0,0.0,0.0,,,0.0,218.0,99.0,,,,,,194.0,,,,287.0,,51.0,,,225.0,,,,,822.0,556.0,642.0,762.0,669.0,640.0,604.0,753.0,874.0,637.0,484.0,360.0,422.0,648.0,620.0,549.0,553.0,494.0,712.0,691.0,493.0,675.0,584.0,769.0,579.0,475.0,600.0,604.0,442.0,657.0,558.0,534.0,516.0,580.0,614.0,729.0
,0.0,0.0,0.0,0.0,,,0.0,218.0,99.0,,,,,,,,,,287.0,,51.0,,,224.0,,,,,819.0,554.0,640.0,760.0,666.0,638.0,603.0,750.0,874.0,637.0,482.0,358.0,418.0,646.0,619.0,549.0,552.0,492.0,709.0,687.0,491.0,673.0,584.0,767.0,579.0,472.0,597.0,603.0,441.0,657.0,557.0,531.0,513.0,576.0,613.0,727.0
,0.0,0.0,0.0,0.0,,,0.0,,99.0,,,,,,,,,,,,51.0,,,224.0,,,,,819.0,553.0,638.0,760.0,664.0,637.0,602.0,746.0,874.0,637.0,481.0,356.0,414.0,643.0,617.0,548.0,551.0,491.0,707.0,684.0,486.0,673.0,390.0,766.0,577.0,470.0,595.0,601.0,437.0,657.0,556.0,530.0,513.0,576.0,610.0,723.0
,0.0,,0.0,0.0,,,0.0,,99.0,,,,,,,,,,,,,,,224.0,,,,,815.0,552.0,637.0,759.0,662.0,635.0,600.0,746.0,874.0,635.0,479.0,353.0,413.0,641.0,615.0,545.0,550.0,487.0,704.0,682.0,484.0,671.0,389.0,765.0,575.0,470.0,592.0,599.0,436.0,657.0,556.0,528.0,511.0,576.0,606.0,723.0
,0.0,,0.0,0.0,,,0.0,,,,,,,,,,,,,,,,,223.0,,,,,814.0,552.0,636.0,759.0,661.0,635.0,597.0,745.0,874.0,635.0,479.0,350.0,410.0,638.0,612.0,544.0,548.0,486.0,702.0,681.0,482.0,669.0,388.0,761.0,573.0,469.0,589.0,599.0,434.0,657.0,555.0,526.0,510.0,574.0,604.0,720.0
,0.0,,0.0,0.0,,,0.0,,,,,,,,,,,,,,,,,,,,,,810.0,552.0,635.0,758.0,659.0,633.0,596.0,744.0,874.0,634.0,476.0,349.0,408.0,635.0,610.0,543.0,548.0,485.0,701.0,677.0,480.0,667.0,385.0,759.0,572.0,468.0,587.0,597.0,431.0,657.0,554.0,526.0,507.0,573.0,603.0,719.0
,0.0,,0.0,0.0,,,0.0,,,,,,,,,,,,,,,,,,,,,,807.0,552.0,634.0,756.0,659.0,631.0,594.0,741.0,873.0,632.0,473.0,348.0,405.0,632.0,609.0,542.0,545.0,483.0,700.0,674.0,475.0,667.0,385.0,756.0,571.0,466.0,584.0,591.0,429.0,657.0,553.0,524.0,507.0,570.0,600.0,717.0
,0.0,,0.0,0.0,,,0.0,,,,,,,,,,,,,,,,,,,,,,804.0,552.0,633.0,754.0,656.0,630.0,592.0,737.0,873.0,632.0,471.0,345.0,400.0,628.0,608.0,539.0,542.0,481.0,698.0,672.0,472.0,666.0,382.0,755.0,571.0,465.0,581.0,588.0,428.0,657.0,553.0,523.0,507.0,567.0,599.0,716.0
,0.0,,0.0,0.0,,,0.0,,,,,,,,,,,,,,,,,,,,,,801.0,551.0,631.0,753.0,655.0,628.0,592.0,735.0,872.0,629.0,469.0,345.0,396.0,626.0,607.0,537.0,539.0,478.0,696.0,669.0,470.0,665.0,382.0,753.0,570.0,464.0,579.0,585.0,425.0,657.0,551.0,523.0,505.0,566.0,596.0,713.0
,0.0,,0.0,0.0,,,0.0,,,,,,,,,,,,,,,,,,,,,,801.0,549.0,631.0,752.0,653.0,627.0,589.0,733.0,871.0,627.0,466.0,343.0,394.0,624.0,607.0,535.0,536.0,476.0,694.0,666.0,465.0,665.0,381.0,750.0,569.0,463.0,576.0,584.0,423.0,657.0,551.0,523.0,502.0,565.0,593.0,711.0
,0.0,,0.0,0.0,,,0.0,,,,,,,,,,,,,,,,,,,,,,797.0,548.0,628.0,751.0,652.0,626.0,586.0,732.0,871.0,624.0,464.0,341.0,392.0,622.0,604.0,535.0,533.0,474.0,691.0,664.0,465.0,664.0,378.0,747.0,569.0,462.0,572.0,581.0,420.0,657.0,549.0,523.0,499.0,562.0,590.0,710.0
,0.0,,0.0,0.0,,,0.0,,,,,,,,,,,,,,,,,,,,,,793.0,545.0,627.0,751.0,648.0,625.0,584.0,730.0,871.0,623.0,460.0,338.0,390.0,619.0,603.0,533.0,531.0,471.0,689.0,661.0,459.0,663.0,377.0,744.0,569.0,462.0,569.0,578.0,416.0,657.0,548.0,523.0,496.0,559.0,588.0,709.0
,0.0,,0.0,0.0,,,0.0,,,,,,,,,,,,,,,,,,,,,,792.0,543.0,625.0,751.0,647.0,624.0,580.0,728.0,871.0,621.0,459.0,335.0,385.0,619.0,602.0,533.0,528.0,469.0,686.0,657.0,456.0,662.0,374.0,743.0,568.0,461.0,566.0,576.0,412.0,657.0,548.0,522.0,494.0,558.0,586.0,707.0
,0.0,,0.0,0.0,,,0.0,,,,,,,,,,,,,,,,,,,,,,787.0,542.0,623.0,750.0,646.0,623.0,578.0,726.0,871.0,619.0,458.0,334.0,383.0,616.0,601.0,533.0,525.0,466.0,683.0,654.0,451.0,660.0,374.0,742.0,567.0,459.0,562.0,574.0,410.0,657.0,548.0,520.0,492.0,557.0,584.0,704.0
,0.0,,0.0,0.0,,,0.0,,,,,,,,,,,,,,,,,,,,,,786.0,540.0,621.0,749.0,645.0,622.0,576.0,722.0,870.0,615.0,455.0,333.0,380.0,614.0,599.0,533.0,521.0,463.0,681.0,652.0,446.0,659.0,369.0,739.0,564.0,456.0,558.0,569.0,407.0,657.0,548.0,518.0,490.0,554.0,582.0,703.0
,,,0.0,0.0,,,0.0,,,,,,,,,,,,,,,,,,,,,,783.0,538.0,621.0,749.0,644.0,622.0,574.0,720.0,868.0,613.0,451.0,332.0,376.0,612.0,596.0,530.0,518.0,461.0,680.0,650.0,443.0,659.0,366.0,737.0,562.0,456.0,555.0,568.0,404.0,657.0,547.0,517.0,487.0,551.0,580.0,700.0
,,,0.0,0.0,,,0.0,,,,,,,,,,,,,,,,,,,,,,780.0,536.0,621.0,749.0,641.0,620.0,571.0,717.0,866.0,612.0,449.0,331.0,375.0,612.0,593.0,526.0,516.0,457.0,678.0,645.0,440.0,659.0,365.0,734.0,561.0,454.0,552.0,566.0,402.0,657.0,547.0,515.0,486.0,549.0,578.0,698.0
,,,,0.0,,,0.0,,,,,,,,,,,,,,,,,,,,,,776.0,534.0,620.0,748.0,641.0,620.0,568.0,714.0,865.0,611.0,447.0,330.0,369.0,611.0,591.0,526.0,515.0,454.0,676.0,642.0,435.0,658.0,362.0,732.0,560.0,454.0,548.0,566.0,400.0,657.0,546.0,512.0,485.0,547.0,577.0,697.0
,,,,0.0,,,0.0,,,,,,,,,,,,,,,,,,,,,,772.0,534.0,620.0,748.0,640.0,619.0,565.0,712.0,865.0,610.0,446.0,328.0,366.0,609.0,589.0,526.0,513.0,451.0,675.0,640.0,433.0,658.0,359.0,730.0,558.0,453.0,545.0,563.0,398.0,657.0,545.0,510.0,483.0,546.0,572.0,696.0
,,,,0.0,,,0.0,,,,,,,,,,,,,,,,,,,,,,772.0,533.0,619.0,745.0,639.0,619.0,562.0,710.0,865.0,609.0,444.0,323.0,364.0,607.0,588.0,526.0,511.0,448.0,672.0,638.0,431.0,656.0,358.0,727.0,558.0,451.0,542.0,560.0,394.0,657.0,545.0,508.0,481.0,544.0,569.0,694.0
,,,,0.0,,,0.0,,,,,,,,,,,,,,,,,,,,,,771.0,532.0,618.0,744.0,639.0,619.0,560.0,708.0,865.0,607.0,444.0,321.0,361.0,606.0,587.0,525.0,508.0,445.0,668.0,635.0,429.0,654.0,357.0,723.0,556.0,448.0,539.0,558.0,392.0,657.0,544.0,507.0,480.0,544.0,567.0,690.0
,,,,0.0,,,,,,,,,,,,,,,,,,,,,,,,,767.0,529.0,618.0,744.0,637.0,619.0,558.0,705.0,865.0,605.0,442.0,319.0,359.0,605.0,586.0,523.0,506.0,444.0,667.0,632.0,426.0,650.0,356.0,723.0,554.0,447.0,535.0,557.0,389.0,657.0,542.0,504.0,479.0,541.0,565.0,689.0
,,,,0.0,,,,,,,,,,,,,,,,,,,,,,,,,766.0,523.0,616.0,742.0,636.0,619.0,556.0,702.0,864.0,602.0,441.0,318.0,356.0,604.0,584.0,523.0,503.0,442.0,665.0,627.0,425.0,648.0,353.0,722.0,552.0,446.0,532.0,555.0,388.0,657.0,541.0,502.0,478.0,539.0,564.0,687.0
,,,,0.0,,,,,,,,,,,,,,,,,,,,,,,,,762.0,520.0,615.0,741.0,634.0,616.0,553.0,700.0,863.0,601.0,440.0,316.0,354.0,601.0,584.0,521.0,500.0,441.0,664.0,624.0,420.0,648.0,353.0,719.0,551.0,445.0,529.0,552.0,385.0,657.0,539.0,500.0,478.0,538.0,562.0,686.0
,,,,0.0,,,,,,,,,,,,,,,,,,,,,,,,,759.0,519.0,615.0,741.0,632.0,616.0,553.0,697.0,863.0,600.0,438.0,316.0,351.0,599.0,583.0,520.0,497.0,438.0,662.0,623.0,418.0,645.0,349.0,715.0,550.0,445.0,526.0,550.0,381.0,657.0,539.0,498.0,475.0,538.0,559.0,685.0
,,,,0.0,,,,,,,,,,,,,,,,,,,,,,,,,756.0,516.0,614.0,739.0,628.0,615.0,552.0,694.0,861.0,600.0,436.0,314.0,348.0,598.0,582.0,519.0,492.0,436.0,658.0,619.0,415.0,645.0,348.0,713.0,549.0,443.0,523.0,548.0,380.0,657.0,539.0,496.0,473.0,538.0,556.0,685.0
,,,,0.0,,,,,,,,,,,,,,,,,,,,,,,,,753.0,515.0,612.0,736.0,624.0,613.0,550.0,691.0,861.0,600.0,433.0,312.0,346.0,596.0,580.0,517.0,489.0,433.0,656.0,618.0,414.0,642.0,348.0,709.0,549.0,443.0,522.0,545.0,378.0,657.0,539.0,494.0,473.0,536.0,553.0,684.0
,,,,0.0,,,,,,,,,,,,,,,,,,,,,,,,,750.0,514.0,611.0,733.0,622.0,612.0,550.0,689.0,860.0,598.0,431.0,312.0,342.0,592.0,577.0,515.0,488.0,431.0,654.0,614.0,411.0,642.0,347.0,707.0,549.0,441.0,520.0,543.0,377.0,657.0,539.0,491.0,473.0,533.0,552.0,681.0
,,,,0.0,,,,,,,,,,,,,,,,,,,,,,,,,746.0,513.0,610.0,732.0,620.0,612.0,549.0,686.0,860.0,596.0,429.0,311.0,339.0,592.0,575.0,511.0,485.0,428.0,653.0,613.0,406.0,639.0,346.0,705.0,548.0,438.0,517.0,541.0,376.0,657.0,539.0,490.0,473.0,532.0,550.0,680.0
,,,,0.0,,,,,,,,,,,,,,,,,,,,,,,,,742.0,513.0,609.0,731.0,619.0,611.0,545.0,685.0,860.0,595.0,427.0,308.0,337.0,590.0,573.0,509.0,482.0,425.0,651.0,611.0,399.0,636.0,346.0,702.0,547.0,435.0,513.0,536.0,372.0,657.0,538.0,489.0,472.0,530.0,547.0,678.0
,,,,0.0,,,,,,,,,,,,,,,,,,,,,,,,,741.0,512.0,609.0,730.0,618.0,610.0,543.0,683.0,860.0,593.0,426.0,307.0,334.0,588.0,571.0,508.0,479.0,423.0,650.0,609.0,398.0,634.0,342.0,701.0,544.0,435.0,511.0,535.0,370.0,657.0,537.0,486.0,471.0,529.0,543.0,677.0
,,,,0.0,,,,,,,,,,,,,,,,,,,,,,,,,736.0,510.0,608.0,730.0,617.0,610.0,543.0,682.0,859.0,591.0,425.0,305.0,330.0,586.0,570.0,508.0,476.0,420.0,646.0,605.0,395.0,633.0,341.0,697.0,543.0,435.0,507.0,533.0,369.0,657.0,536.0,484.0,468.0,525.0,539.0,677.0
,,,,0.0,,,,,,,,,,,,,,,,,,,,,,,,,732.0,508.0,607.0,727.0,616.0,607.0,540.0,679.0,859.0,588.0,422.0,302.0,329.0,586.0,568.0,506.0,473.0,420.0,645.0,604.0,393.0,631.0,338.0,695.0,542.0,435.0,505.0,532.0,368.0,657.0,536.0,481.0,466.0,522.0,537.0,677.0
,,,,0.0,,,,,,,,,,,,,,,,,,,,,,,,,728.0,505.0,606.0,727.0,614.0,605.0,540.0,677.0,858.0,587.0,419.0,302.0,325.0,584.0,568.0,502.0,471.0,418.0,640.0,601.0,391.0,629.0,335.0,694.0,539.0,435.0,501.0,531.0,367.0,459.0,536.0,479.0,465.0,521.0,534.0,677.0
,,,,0.0,,,,,,,,,,,,,,,,,,,,,,,,,725.0,503.0,605.0,726.0,612.0,604.0,539.0,674.0,856.0,586.0,418.0,301.0,322.0,582.0,568.0,500.0,470.0,415.0,637.0,598.0,386.0,629.0,334.0,691.0,538.0,434.0,499.0,531.0,364.0,456.0,536.0,477.0,465.0,519.0,532.0,676.0
,,,,0.0,,,,,,,,,,,,,,,,,,,,,,,,,724.0,501.0,604.0,725.0,610.0,603.0,538.0,672.0,856.0,586.0,415.0,300.0,319.0,579.0,566.0,497.0,470.0,413.0,634.0,593.0,383.0,628.0,331.0,689.0,537.0,434.0,497.0,529.0,360.0,453.0,535.0,476.0,463.0,516.0,530.0,674.0
,,,,0.0,,,,,,,,,,,,,,,,,,,,,,,,,721.0,499.0,604.0,725.0,609.0,601.0,536.0,670.0,854.0,585.0,415.0,299.0,314.0,577.0,564.0,496.0,465.0,410.0,631.0,588.0,381.0,627.0,328.0,685.0,536.0,434.0,494.0,526.0,357.0,452.0,533.0,474.0,459.0,513.0,528.0,672.0
,,,,0.0,,,,,,,,,,,,,,,,,,,,,,,,,717.0,497.0,604.0,724.0,608.0,601.0,533.0,668.0,853.0,584.0,413.0,299.0,310.0,576.0,562.0,495.0,464.0,406.0,630.0,585.0,378.0,627.0,327.0,683.0,534.0,431.0,492.0,524.0,354.0,449.0,530.0,472.0,457.0,509.0,524.0,671.0
,,,,0.0,,,,,,,,,,,,,,,,,,,,,,,,,714.0,494.0,602.0,722.0,606.0,601.0,532.0,666.0,852.0,582.0,410.0,298.0,310.0,573.0,559.0,493.0,460.0,404.0,629.0,582.0,377.0,627.0,322.0,681.0,533.0,429.0,490.0,522.0,352.0,448.0,529.0,469.0,454.0,507.0,524.0,669.0
,,,,0.0,,,,,,,,,,,,,,,,,,,,,,,,,710.0,491.0,601.0,721.0,604.0,600.0,530.0,664.0,852.0,580.0,407.0,296.0,307.0,571.0,558.0,491.0,456.0,401.0,628.0,579.0,374.0,626.0,321.0,679.0,532.0,429.0,487.0,518.0,350.0,445.0,529.0,469.0,452.0,505.0,521.0,668.0
,,,,0.0,,,,,,,,,,,,,,,,,,,,,,,,,706.0,490.0,601.0,721.0,602.0,600.0,529.0,662.0,852.0,578.0,407.0,291.0,305.0,570.0,557.0,489.0,454.0,398.0,625.0,578.0,371.0,626.0,320.0,677.0,530.0,428.0,484.0,516.0,349.0,444.0,527.0,469.0,452.0,502.0,519.0,665.0
,,,,0.0,,,,,,,,,,,,,,,,,,,,,,,,,703.0,488.0,598.0,720.0,601.0,598.0,526.0,661.0,851.0,578.0,406.0,289.0,304.0,568.0,556.0,488.0,451.0,397.0,621.0,577.0,368.0,624.0,319.0,674.0,528.0,426.0,482.0,511.0,346.0,441.0,525.0,467.0,449.0,498.0,518.0,663.0
,,,,0.0,,,,,,,,,,,,,,,,,,,,,,,,,702.0,485.0,597.0,720.0,600.0,596.0,524.0,660.0,850.0,576.0,403.0,288.0,300.0,566.0,554.0,485.0,448.0,394.0,619.0,574.0,365.0,620.0,319.0,672.0,528.0,425.0,480.0,509.0,345.0,439.0,524.0,466.0,448.0,496.0,515.0,663.0
,,,,0.0,,,,,,,,,,,,,,,,,,,,,,,,,698.0,484.0,597.0,718.0,598.0,593.0,522.0,657.0,849.0,575.0,401.0,286.0,298.0,565.0,552.0,484.0,445.0,392.0,619.0,571.0,360.0,620.0,319.0,670.0,527.0,423.0,476.0,509.0,343.0,436.0,523.0,463.0,448.0,495.0,511.0,662.0
,,,,0.0,,,,,,,,,,,,,,,,,,,,,,,,,695.0,483.0,597.0,716.0,594.0,592.0,520.0,655.0,849.0,574.0,401.0,285.0,293.0,564.0,552.0,484.0,442.0,389.0,618.0,568.0,358.0,618.0,319.0,668.0,527.0,423.0,473.0,507.0,342.0,435.0,523.0,462.0,448.0,495.0,507.0,660.0
,,,,0.0,,,,,,,,,,,,,,,,,,,,,,,,,692.0,481.0,597.0,715.0,591.0,591.0,518.0,652.0,847.0,573.0,401.0,285.0,292.0,564.0,549.0,483.0,440.0,386.0,616.0,565.0,357.0,615.0,316.0,666.0,527.0,421.0,470.0,505.0,340.0,434.0,521.0,462.0,446.0,494.0,506.0,660.0
,,,,0.0,,,,,,,,,,,,,,,,,,,,,,,,,689.0,479.0,596.0,714.0,588.0,590.0,517.0,649.0,847.0,572.0,399.0,282.0,289.0,563.0,547.0,483.0,438.0,384.0,614.0,561.0,355.0,614.0,312.0,664.0,527.0,419.0,465.0,505.0,337.0,431.0,520.0,460.0,444.0,492.0,505.0,657.0
,,,,0.0,,,,,,,,,,,,,,,,,,,,,,,,,688.0,478.0,595.0,713.0,586.0,589.0,515.0,646.0,847.0,570.0,398.0,279.0,286.0,562.0,543.0,481.0,435.0,381.0,612.0,557.0,348.0,613.0,311.0,663.0,524.0,417.0,463.0,504.0,335.0,427.0,520.0,459.0,442.0,491.0,504.0,657.0
,,,,0.0,,,,,,,,,,,,,,,,,,,,,,,,,684.0,477.0,595.0,713.0,584.0,587.0,513.0,644.0,846.0,568.0,395.0,279.0,284.0,560.0,541.0,479.0,433.0,377.0,607.0,552.0,345.0,612.0,310.0,662.0,520.0,416.0,459.0,502.0,333.0,425.0,519.0,459.0,441.0,489.0,501.0,655.0
,,,,0.0,,,,,,,,,,,,,,,,,,,,,,,,,678.0,475.0,594.0,713.0,581.0,587.0,512.0,642.0,845.0,568.0,392.0,277.0,280.0,557.0,540.0,479.0,431.0,374.0,604.0,550.0,342.0,611.0,309.0,660.0,519.0,416.0,457.0,499.0,331.0,422.0,518.0,458.0,440.0,488.0,499.0,655.0
,,,,0.0,,,,,,,,,,,,,,,,,,,,,,,,,677.0,474.0,594.0,713.0,579.0,586.0,510.0,639.0,844.0,566.0,390.0,276.0,277.0,556.0,537.0,477.0,428.0,373.0,601.0,547.0,339.0,610.0,308.0,658.0,517.0,415.0,455.0,496.0,330.0,420.0,518.0,457.0,438.0,486.0,497.0,652.0
,,,,0.0,,,,,,,,,,,,,,,,,,,,,,,,,674.0,472.0,594.0,711.0,578.0,586.0,510.0,639.0,843.0,565.0,387.0,275.0,275.0,554.0,533.0,476.0,426.0,371.0,598.0,544.0,336.0,609.0,307.0,655.0,515.0,415.0,453.0,494.0,326.0,418.0,518.0,454.0,438.0,486.0,494.0,649.0
,,,,0.0,,,,,,,,,,,,,,,,,,,,,,,,,671.0,469.0,593.0,709.0,578.0,585.0,510.0,636.0,842.0,563.0,386.0,272.0,272.0,554.0,531.0,474.0,424.0,367.0,595.0,541.0,335.0,607.0,303.0,652.0,514.0,415.0,451.0,493.0,325.0,417.0,518.0,451.0,435.0,486.0,491.0,646.0
,,,,0.0,,,,,,,,,,,,,,,,,,,,,,,,,670.0,468.0,591.0,706.0,577.0,585.0,507.0,635.0,840.0,563.0,385.0,270.0,269.0,552.0,529.0,474.0,419.0,365.0,595.0,540.0,332.0,606.0,303.0,650.0,513.0,415.0,448.0,490.0,325.0,414.0,517.0,449.0,435.0,486.0,488.0,643.0
,,,,0.0,,,,,,,,,,,,,,,,,,,,,,,,,666.0,467.0,591.0,703.0,577.0,584.0,502.0,634.0,840.0,560.0,384.0,268.0,265.0,549.0,528.0,472.0,417.0,363.0,595.0,538.0,329.0,605.0,302.0,646.0,512.0,414.0,445.0,486.0,322.0,411.0,516.0,447.0,433.0,485.0,485.0,641.0
,,,,0.0,,,,,,,,,,,,,,,,,,,,,,,,,663.0,465.0,591.0,701.0,575.0,582.0,499.0,633.0,840.0,560.0,379.0,266.0,264.0,545.0,526.0,469.0,414.0,361.0,592.0,536.0,328.0,604.0,301.0,644.0,510.0,413.0,442.0,483.0,319.0,408.0,516.0,444.0,432.0,485.0,482.0,641.0
,,,,0.0,,,,,,,,,,,,,,,,,,,,,,,,,660.0,463.0,589.0,700.0,575.0,582.0,498.0,630.0,840.0,559.0,378.0,264.0,261.0,544.0,525.0,467.0,411.0,359.0,591.0,531.0,328.0,602.0,300.0,644.0,508.0,412.0,438.0,480.0,316.0,408.0,516.0,443.0,430.0,484.0,482.0,641.0
,,,,0.0,,,,,,,,,,,,,,,,,,,,,,,,,656.0,463.0,589.0,699.0,572.0,581.0,495.0,626.0,839.0,558.0,376.0,259.0,258.0,541.0,523.0,464.0,410.0,356.0,589.0,527.0,326.0,602.0,300.0,642.0,507.0,410.0,435.0,479.0,312.0,406.0,516.0,441.0,430.0,481.0,481.0,640.0
,,,,0.0,,,,,,,,,,,,,,,,,,,,,,,,,653.0,463.0,588.0,698.0,569.0,581.0,493.0,623.0,839.0,556.0,375.0,256.0,256.0,538.0,521.0,462.0,407.0,354.0,588.0,525.0,321.0,600.0,300.0,640.0,506.0,409.0,432.0,477.0,311.0,403.0,516.0,439.0,428.0,481.0,480.0,639.0
,,,,0.0,,,,,,,,,,,,,,,,,,,,,,,,,650.0,460.0,587.0,698.0,568.0,579.0,493.0,621.0,839.0,554.0,374.0,254.0,255.0,536.0,519.0,459.0,406.0,351.0,587.0,523.0,318.0,600.0,299.0,637.0,506.0,407.0,431.0,476.0,309.0,403.0,515.0,436.0,426.0,479.0,478.0,636.0
,,,,0.0,,,,,,,,,,,,,,,,,,,,,,,,,649.0,457.0,584.0,697.0,566.0,579.0,492.0,620.0,838.0,553.0,372.0,252.0,251.0,533.0,516.0,457.0,402.0,349.0,585.0,521.0,315.0,598.0,296.0,633.0,506.0,407.0,427.0,474.0,308.0,402.0,514.0,435.0,426.0,477.0,474.0,634.0
,,,,0.0,,,,,,,,,,,,,,,,,,,,,,,,,644.0,454.0,582.0,695.0,564.0,579.0,492.0,618.0,838.0,553.0,369.0,251.0,248.0,531.0,513.0,456.0,400.0,345.0,581.0,518.0,310.0,597.0,296.0,630.0,504.0,407.0,425.0,470.0,307.0,401.0,513.0,434.0,425.0,473.0,472.0,631.0
,,,,0.0,,,,,,,,,,,,,,,,,,,,,,,,,640.0,453.0,582.0,694.0,564.0,577.0,490.0,617.0,838.0,553.0,367.0,249.0,246.0,530.0,510.0,454.0,398.0,343.0,579.0,513.0,309.0,595.0,296.0,627.0,502.0,405.0,422.0,470.0,307.0,397.0,513.0,432.0,424.0,470.0,470.0,629.0
,,,,0.0,,,,,,,,,,,,,,,,,,,,,,,,,636.0,451.0,581.0,692.0,563.0,576.0,489.0,615.0,838.0,552.0,366.0,249.0,243.0,529.0,508.0,453.0,395.0,340.0,578.0,511.0,304.0,593.0,295.0,627.0,502.0,404.0,418.0,468.0,307.0,394.0,513.0,430.0,422.0,469.0,468.0,627.0
,,,,0.0,,,,,,,,,,,,,,,,,,,,,,,,,636.0,449.0,581.0,692.0,561.0,575.0,489.0,612.0,838.0,552.0,363.0,246.0,241.0,529.0,507.0,450.0,392.0,338.0,576.0,509.0,303.0,591.0,294.0,625.0,502.0,402.0,415.0,468.0,303.0,392.0,513.0,429.0,421.0,467.0,467.0,627.0
,,,,0.0,,,,,,,,,,,,,,,,,,,,,,,,,632.0,445.0,580.0,691.0,560.0,573.0,488.0,610.0,838.0,550.0,360.0,244.0,238.0,528.0,506.0,448.0,391.0,335.0,574.0,505.0,302.0,590.0,293.0,622.0,501.0,402.0,412.0,466.0,299.0,391.0,513.0,425.0,421.0,466.0,465.0,627.0
,,,,0.0,,,,,,,,,,,,,,,,,,,,,,,,,631.0,445.0,580.0,689.0,557.0,572.0,486.0,608.0,836.0,549.0,359.0,244.0,234.0,527.0,504.0,447.0,388.0,332.0,571.0,502.0,299.0,588.0,292.0,620.0,501.0,402.0,409.0,465.0,296.0,388.0,512.0,423.0,417.0,466.0,463.0,626.0
,,,,0.0,,,,,,,,,,,,,,,,,,,,,,,,,628.0,444.0,580.0,689.0,554.0,571.0,483.0,605.0,835.0,548.0,358.0,243.0,232.0,525.0,502.0,445.0,386.0,329.0,569.0,499.0,296.0,587.0,289.0,617.0,500.0,402.0,406.0,465.0,296.0,386.0,511.0,422.0,417.0,465.0,461.0,625.0
,,,,0.0,,,,,,,,,,,,,,,,,,,,,,,,,627.0,442.0,579.0,689.0,552.0,569.0,482.0,603.0,835.0,546.0,356.0,241.0,231.0,522.0,500.0,443.0,383.0,325.0,568.0,497.0,293.0,586.0,289.0,614.0,497.0,402.0,403.0,465.0,295.0,385.0,510.0,419.0,416.0,463.0,460.0,623.0
,,,,0.0,,,,,,,,,,,,,,,,,,,,,,,,,626.0,440.0,579.0,688.0,551.0,568.0,481.0,601.0,835.0,544.0,353.0,239.0,228.0,520.0,499.0,442.0,381.0,322.0,566.0,496.0,290.0,585.0,286.0,612.0,496.0,401.0,401.0,464.0,292.0,384.0,510.0,417.0,414.0,461.0,458.0,623.0
,,,,0.0,,,,,,,,,,,,,,,,,,,,,,,,,623.0,439.0,577.0,687.0,549.0,566.0,480.0,598.0,834.0,543.0,353.0,238.0,226.0,520.0,497.0,442.0,378.0,322.0,565.0,492.0,285.0,583.0,283.0,609.0,493.0,401.0,398.0,461.0,291.0,381.0,509.0,415.0,412.0,460.0,456.0,621.0
,,,,0.0,,,,,,,,,,,,,,,,,,,,,,,,,619.0,439.0,575.0,686.0,547.0,564.0,480.0,595.0,833.0,542.0,352.0,237.0,225.0,519.0,494.0,442.0,376.0,321.0,563.0,489.0,282.0,583.0,280.0,608.0,491.0,401.0,396.0,457.0,288.0,379.0,507.0,413.0,410.0,459.0,455.0,619.0
,,,,0.0,,,,,,,,,,,,,,,,,,,,,,,,,616.0,436.0,573.0,683.0,543.0,563.0,478.0,591.0,833.0,541.0,349.0,236.0,222.0,518.0,491.0,441.0,373.0,319.0,560.0,487.0,280.0,583.0,279.0,607.0,490.0,400.0,392.0,455.0,285.0,378.0,507.0,411.0,408.0,457.0,453.0,617.0
,,,,0.0,,,,,,,,,,,,,,,,,,,,,,,,,616.0,435.0,573.0,681.0,539.0,563.0,474.0,587.0,833.0,540.0,348.0,234.0,217.0,517.0,488.0,439.0,369.0,316.0,558.0,486.0,279.0,580.0,275.0,605.0,488.0,400.0,389.0,451.0,281.0,378.0,506.0,410.0,408.0,455.0,452.0,616.0
,,,,0.0,,,,,,,,,,,,,,,,,,,,,,,,,615.0,434.0,572.0,679.0,538.0,562.0,472.0,584.0,833.0,538.0,346.0,234.0,215.0,515.0,485.0,436.0,367.0,313.0,555.0,483.0,274.0,580.0,275.0,603.0,487.0,399.0,387.0,451.0,280.0,375.0,506.0,409.0,406.0,452.0,451.0,616.0
,,,,0.0,,,,,,,,,,,,,,,,,,,,,,,,,612.0,432.0,572.0,678.0,536.0,561.0,469.0,583.0,833.0,537.0,344.0,229.0,210.0,512.0,482.0,434.0,365.0,312.0,553.0,480.0,273.0,578.0,272.0,602.0,485.0,399.0,384.0,448.0,278.0,374.0,506.0,407.0,406.0,448.0,449.0,615.0
,,,,0.0,,,,,,,,,,,,,,,,,,,,,,,,,611.0,428.0,571.0,678.0,532.0,560.0,468.0,581.0,832.0,537.0,344.0,226.0,207.0,511.0,479.0,432.0,362.0,310.0,551.0,477.0,268.0,577.0,269.0,600.0,485.0,398.0,382.0,446.0,277.0,372.0,506.0,404.0,401.0,446.0,447.0,612.0
,,,,0.0,,,,,,,,,,,,,,,,,,,,,,,,,610.0,427.0,569.0,676.0,529.0,559.0,467.0,578.0,831.0,535.0,341.0,223.0,206.0,508.0,476.0,430.0,358.0,308.0,550.0,474.0,262.0,576.0,269.0,598.0,482.0,397.0,380.0,442.0,273.0,371.0,506.0,401.0,400.0,445.0,444.0,611.0
,,,,0.0,,,,,,,,,,,,,,,,,,,,,,,,,606.0,425.0,568.0,676.0,527.0,558.0,467.0,576.0,828.0,533.0,339.0,221.0,202.0,506.0,474.0,429.0,357.0,305.0,549.0,470.0,261.0,574.0,268.0,595.0,480.0,396.0,378.0,441.0,269.0,369.0,505.0,399.0,400.0,442.0,441.0,611.0
,,,,0.0,,,,,,,,,,,,,,,,,,,,,,,,,605.0,423.0,566.0,675.0,525.0,555.0,464.0,575.0,826.0,529.0,337.0,218.0,199.0,504.0,473.0,427.0,353.0,303.0,549.0,467.0,258.0,574.0,267.0,592.0,478.0,394.0,375.0,439.0,267.0,367.0,503.0,397.0,398.0,440.0,440.0,608.0
,,,,0.0,,,,,,,,,,,,,,,,,,,,,,,,,600.0,422.0,565.0,673.0,522.0,555.0,461.0,572.0,824.0,527.0,336.0,217.0,196.0,504.0,472.0,426.0,351.0,303.0,547.0,465.0,252.0,573.0,267.0,589.0,478.0,393.0,373.0,439.0,266.0,366.0,502.0,396.0,398.0,437.0,439.0,606.0
,,,,0.0,,,,,,,,,,,,,,,,,,,,,,,,,600.0,418.0,565.0,671.0,521.0,555.0,461.0,572.0,822.0,526.0,335.0,215.0,194.0,503.0,471.0,423.0,348.0,300.0,545.0,463.0,250.0,572.0,263.0,585.0,478.0,392.0,371.0,437.0,264.0,364.0,502.0,396.0,398.0,435.0,437.0,606.0
,,,,0.0,,,,,,,,,,,,,,,,,,,,,,,,,599.0,418.0,565.0,668.0,520.0,555.0,459.0,570.0,822.0,525.0,332.0,215.0,190.0,501.0,469.0,421.0,347.0,297.0,544.0,459.0,249.0,570.0,262.0,585.0,476.0,392.0,368.0,436.0,263.0,361.0,502.0,394.0,395.0,434.0,434.0,604.0
,,,,0.0,,,,,,,,,,,,,,,,,,,,,,,,,596.0,416.0,565.0,668.0,520.0,555.0,459.0,568.0,822.0,522.0,330.0,214.0,188.0,498.0,468.0,419.0,344.0,295.0,543.0,456.0,246.0,569.0,261.0,583.0,473.0,392.0,366.0,431.0,260.0,358.0,501.0,393.0,393.0,432.0,430.0,601.0
,,,,0.0,,,,,,,,,,,,,,,,,,,,,,,,,595.0,416.0,562.0,668.0,519.0,555.0,458.0,566.0,822.0,520.0,327.0,212.0,184.0,495.0,465.0,417.0,343.0,292.0,540.0,453.0,244.0,567.0,258.0,580.0,470.0,391.0,362.0,429.0,256.0,356.0,496.0,392.0,393.0,430.0,428.0,598.0
,,,,,,,,,,,,,,,,,,,,,,,,,,,,,592.0,414.0,560.0,668.0,519.0,555.0,457.0,564.0,822.0,520.0,326.0,210.0,179.0,493.0,463.0,414.0,339.0,289.0,537.0,450.0,242.0,566.0,258.0,577.0,467.0,389.0,358.0,425.0,253.0,354.0,495.0,392.0,393.0,430.0,426.0,597.0
,,,,,,,,,,,,,,,,,,,,,,,,,,,,,591.0,414.0,560.0,666.0,519.0,555.0,457.0,562.0,821.0,519.0,324.0,208.0,175.0,490.0,461.0,413.0,335.0,285.0,535.0,448.0,240.0,564.0,255.0,577.0,465.0,388.0,355.0,425.0,250.0,351.0,493.0,391.0,392.0,427.0,424.0,596.0
,,,,,,,,,,,,,,,,,,,,,,,,,,,,,586.0,412.0,558.0,663.0,519.0,555.0,455.0,559.0,820.0,517.0,323.0,207.0,171.0,489.0,459.0,411.0,330.0,282.0,531.0,447.0,234.0,562.0,255.0,573.0,463.0,385.0,352.0,423.0,249.0,350.0,492.0,387.0,392.0,425.0,422.0,596.0
,,,,,,,,,,,,,,,,,,,,,,,,,,,,,585.0,410.0,558.0,663.0,517.0,555.0,452.0,557.0,819.0,517.0,320.0,204.0,166.0,487.0,458.0,408.0,326.0,280.0,530.0,444.0,233.0,559.0,252.0,571.0,462.0,383.0,348.0,421.0,248.0,349.0,492.0,385.0,390.0,422.0,419.0,594.0
,,,,,,,,,,,,,,,,,,,,,,,,,,,,,580.0,410.0,556.0,662.0,515.0,555.0,449.0,556.0,819.0,516.0,317.0,203.0,163.0,484.0,456.0,408.0,324.0,277.0,529.0,440.0,231.0,558.0,252.0,569.0,460.0,383.0,345.0,418.0,245.0,346.0,491.0,382.0,390.0,418.0,418.0,592.0
,,,,,,,,,,,,,,,,,,,,,,,,,,,,,580.0,406.0,554.0,661.0,513.0,554.0,448.0,555.0,818.0,512.0,315.0,202.0,162.0,483.0,455.0,407.0,321.0,274.0,528.0,438.0,226.0,557.0,249.0,567.0,458.0,381.0,343.0,416.0,242.0,346.0,490.0,381.0,387.0,417.0,416.0,590.0
,,,,,,,,,,,,,,,,,,,,,,,,,,,,,576.0,405.0,554.0,660.0,512.0,552.0,445.0,553.0,817.0,510.0,314.0,199.0,159.0,482.0,451.0,406.0,319.0,272.0,526.0,434.0,221.0,556.0,249.0,566.0,456.0,380.0,340.0,413.0,242.0,344.0,490.0,379.0,387.0,416.0,413.0,590.0
,,,,,,,,,,,,,,,,,,,,,,,,,,,,,575.0,403.0,553.0,659.0,510.0,551.0,443.0,550.0,816.0,508.0,314.0,197.0,156.0,480.0,449.0,404.0,318.0,270.0,525.0,433.0,220.0,555.0,246.0,565.0,456.0,379.0,336.0,410.0,239.0,343.0,490.0,378.0,385.0,416.0,411.0,590.0
,,,,,,,,,,,,,,,,,,,,,,,,,,,,,572.0,400.0,553.0,659.0,509.0,549.0,442.0,546.0,816.0,507.0,314.0,194.0,151.0,478.0,448.0,403.0,316.0,268.0,523.0,431.0,218.0,553.0,246.0,563.0,455.0,379.0,333.0,408.0,239.0,342.0,490.0,376.0,382.0,413.0,410.0,590.0
,,,,,,,,,,,,,,,,,,,,,,,,,,,,,569.0,398.0,553.0,659.0,508.0,549.0,441.0,544.0,815.0,507.0,314.0,194.0,147.0,475.0,446.0,402.0,312.0,266.0,522.0,426.0,216.0,552.0,245.0,561.0,455.0,376.0,331.0,407.0,238.0,338.0,490.0,375.0,382.0,412.0,407.0,590.0
,,,,,,,,,,,,,,,,,,,,,,,,,,,,,566.0,397.0,553.0,657.0,507.0,545.0,439.0,542.0,813.0,506.0,312.0,193.0,145.0,474.0,444.0,400.0,304.0,262.0,520.0,424.0,211.0,550.0,245.0,559.0,453.0,376.0,329.0,405.0,237.0,336.0,487.0,375.0,382.0,412.0,405.0,590.0
,,,,,,,,,,,,,,,,,,,,,,,,,,,,,563.0,397.0,553.0,656.0,504.0,543.0,437.0,539.0,813.0,504.0,309.0,192.0,142.0,471.0,443.0,399.0,304.0,259.0,518.0,419.0,209.0,549.0,244.0,558.0,451.0,374.0,325.0,402.0,234.0,334.0,484.0,373.0,382.0,408.0,403.0,589.0
,,,,,,,,,,,,,,,,,,,,,,,,,,,,,560.0,397.0,552.0,656.0,503.0,540.0,435.0,536.0,812.0,502.0,306.0,192.0,139.0,469.0,442.0,399.0,302.0,256.0,516.0,415.0,206.0,549.0,243.0,557.0,449.0,374.0,322.0,401.0,231.0,333.0,482.0,372.0,382.0,405.0,402.0,588.0
,,,,,,,,,,,,,,,,,,,,,,,,,,,,,559.0,397.0,552.0,654.0,503.0,540.0,433.0,534.0,810.0,501.0,304.0,191.0,134.0,465.0,440.0,399.0,300.0,255.0,516.0,412.0,201.0,549.0,242.0,555.0,449.0,374.0,318.0,400.0,228.0,331.0,481.0,371.0,380.0,405.0,399.0,586.0
,,,,,,,,,,,,,,,,,,,,,,,,,,,,,556.0,395.0,550.0,652.0,503.0,540.0,432.0,531.0,809.0,498.0,302.0,189.0,132.0,464.0,437.0,397.0,297.0,252.0,512.0,408.0,196.0,547.0,241.0,552.0,448.0,373.0,314.0,399.0,226.0,328.0,481.0,369.0,380.0,403.0,398.0,584.0
,,,,,,,,,,,,,,,,,,,,,,,,,,,,,553.0,394.0,548.0,652.0,502.0,540.0,430.0,528.0,808.0,497.0,302.0,186.0,127.0,463.0,435.0,396.0,296.0,248.0,509.0,405.0,194.0,547.0,240.0,550.0,447.0,371.0,312.0,397.0,225.0,327.0,480.0,369.0,380.0,400.0,395.0,582.0
,,,,,,,,,,,,,,,,,,,,,,,,,,,,,549.0,393.0,547.0,649.0,501.0,539.0,430.0,525.0,807.0,497.0,300.0,185.0,126.0,462.0,434.0,394.0,294.0,245.0,507.0,403.0,191.0,544.0,236.0,547.0,444.0,371.0,308.0,394.0,221.0,324.0,479.0,367.0,377.0,397.0,392.0,581.0
,,,,,,,,,,,,,,,,,,,,,,,,,,,,,548.0,392.0,545.0,647.0,501.0,539.0,428.0,521.0,807.0,494.0,298.0,184.0,122.0,460.0,431.0,394.0,294.0,241.0,504.0,399.0,188.0,542.0,236.0,546.0,442.0,368.0,305.0,393.0,219.0,322.0,478.0,365.0,374.0,393.0,390.0,577.0
,,,,,,,,,,,,,,,,,,,,,,,,,,,,,545.0,390.0,543.0,647.0,499.0,538.0,427.0,519.0,805.0,490.0,297.0,184.0,119.0,456.0,430.0,392.0,292.0,239.0,501.0,397.0,186.0,542.0,233.0,544.0,439.0,367.0,302.0,393.0,216.0,321.0,476.0,363.0,373.0,391.0,388.0,577.0
,,,,,,,,,,,,,,,,,,,,,,,,,,,,,542.0,386.0,542.0,647.0,498.0,538.0,426.0,517.0,804.0,488.0,296.0,183.0,114.0,454.0,428.0,389.0,280.0,237.0,500.0,393.0,183.0,540.0,233.0,543.0,436.0,365.0,299.0,392.0,215.0,319.0,476.0,360.0,373.0,390.0,385.0,575.0
,,,,,,,,,,,,,,,,,,,,,,,,,,,,,540.0,384.0,540.0,647.0,497.0,538.0,423.0,514.0,802.0,486.0,294.0,181.0,111.0,451.0,426.0,387.0,278.0,235.0,499.0,390.0,178.0,539.0,228.0,541.0,433.0,363.0,295.0,390.0,214.0,315.0,475.0,360.0,373.0,387.0,383.0,573.0
,,,,,,,,,,,,,,,,,,,,,,,,,,,,,537.0,382.0,538.0,646.0,494.0,537.0,423.0,512.0,801.0,484.0,292.0,180.0,107.0,450.0,423.0,387.0,275.0,234.0,498.0,389.0,176.0,537.0,228.0,538.0,431.0,360.0,290.0,390.0,213.0,314.0,475.0,358.0,373.0,387.0,380.0,573.0
,,,,,,,,,,,,,,,,,,,,,,,,,,,,,534.0,381.0,537.0,645.0,494.0,537.0,421.0,510.0,801.0,483.0,289.0,179.0,104.0,449.0,423.0,383.0,272.0,234.0,496.0,387.0,174.0,535.0,228.0,536.0,429.0,359.0,287.0,389.0,211.0,311.0,473.0,357.0,371.0,387.0,378.0,571.0
,,,,,,,,,,,,,,,,,,,,,,,,,,,,,530.0,379.0,534.0,643.0,494.0,534.0,419.0,509.0,798.0,480.0,289.0,176.0,103.0,447.0,423.0,382.0,270.0,233.0,494.0,382.0,171.0,533.0,225.0,535.0,426.0,358.0,284.0,383.0,209.0,309.0,471.0,354.0,369.0,384.0,376.0,570.0
,,,,,,,,,,,,,,,,,,,,,,,,,,,,,526.0,377.0,531.0,641.0,493.0,533.0,417.0,508.0,797.0,478.0,289.0,175.0,100.0,444.0,422.0,382.0,266.0,232.0,492.0,380.0,168.0,533.0,225.0,533.0,425.0,355.0,281.0,382.0,209.0,307.0,470.0,351.0,369.0,383.0,373.0,569.0
,,,,,,,,,,,,,,,,,,,,,,,,,,,,,525.0,376.0,530.0,639.0,491.0,533.0,416.0,504.0,796.0,477.0,287.0,173.0,99.0,442.0,422.0,379.0,264.0,230.0,490.0,379.0,163.0,532.0,224.0,531.0,422.0,355.0,278.0,379.0,209.0,306.0,467.0,351.0,369.0,380.0,373.0,569.0
,,,,,,,,,,,,,,,,,,,,,,,,,,,,,522.0,375.0,530.0,638.0,489.0,532.0,414.0,501.0,795.0,477.0,286.0,171.0,96.0,439.0,419.0,376.0,261.0,228.0,488.0,375.0,161.0,530.0,221.0,530.0,421.0,355.0,275.0,376.0,208.0,304.0,465.0,350.0,369.0,380.0,373.0,568.0
,,,,,,,,,,,,,,,,,,,,,,,,,,,,,522.0,373.0,526.0,638.0,488.0,531.0,414.0,498.0,794.0,476.0,284.0,170.0,93.0,438.0,417.0,374.0,257.0,226.0,485.0,372.0,156.0,530.0,218.0,529.0,419.0,355.0,273.0,375.0,205.0,303.0,464.0,349.0,369.0,379.0,370.0,567.0
,,,,,,,,,,,,,,,,,,,,,,,,,,,,,518.0,369.0,524.0,638.0,484.0,531.0,411.0,496.0,794.0,473.0,283.0,168.0,90.0,436.0,416.0,373.0,254.0,224.0,484.0,370.0,154.0,530.0,215.0,528.0,416.0,355.0,270.0,373.0,205.0,301.0,463.0,349.0,369.0,377.0,367.0,564.0
,,,,,,,,,,,,,,,,,,,,,,,,,,,,,517.0,369.0,524.0,637.0,481.0,530.0,410.0,494.0,794.0,472.0,282.0,163.0,84.0,436.0,416.0,371.0,252.0,222.0,483.0,367.0,152.0,529.0,215.0,527.0,415.0,355.0,267.0,371.0,201.0,300.0,462.0,346.0,368.0,373.0,364.0,561.0
,,,,,,,,,,,,,,,,,,,,,,,,,,,,,513.0,369.0,523.0,635.0,478.0,528.0,410.0,490.0,792.0,471.0,280.0,161.0,82.0,433.0,413.0,369.0,249.0,221.0,481.0,364.0,150.0,529.0,215.0,524.0,412.0,354.0,264.0,369.0,196.0,297.0,462.0,343.0,368.0,373.0,362.0,560.0
,,,,,,,,,,,,,,,,,,,,,,,,,,,,,510.0,368.0,523.0,633.0,477.0,528.0,410.0,487.0,791.0,470.0,279.0,159.0,81.0,430.0,412.0,368.0,246.0,218.0,478.0,362.0,149.0,526.0,212.0,521.0,409.0,352.0,261.0,367.0,192.0,296.0,462.0,340.0,367.0,373.0,357.0,559.0
,,,,,,,,,,,,,,,,,,,,,,,,,,,,,509.0,366.0,520.0,633.0,476.0,527.0,410.0,484.0,791.0,469.0,277.0,157.0,75.0,428.0,409.0,366.0,243.0,216.0,475.0,360.0,148.0,525.0,211.0,519.0,408.0,350.0,257.0,365.0,189.0,293.0,462.0,338.0,363.0,371.0,354.0,558.0
,,,,,,,,,,,,,,,,,,,,,,,,,,,,,503.0,365.0,520.0,633.0,474.0,527.0,408.0,482.0,790.0,467.0,273.0,155.0,73.0,426.0,407.0,364.0,240.0,214.0,472.0,357.0,145.0,525.0,208.0,516.0,407.0,349.0,253.0,363.0,187.0,290.0,461.0,337.0,363.0,369.0,351.0,556.0
,,,,,,,,,,,,,,,,,,,,,,,,,,,,,503.0,362.0,519.0,632.0,472.0,527.0,407.0,479.0,789.0,465.0,272.0,155.0,71.0,424.0,406.0,364.0,239.0,213.0,468.0,354.0,142.0,524.0,205.0,514.0,406.0,348.0,250.0,362.0,185.0,289.0,461.0,335.0,363.0,369.0,349.0,555.0
,,,,,,,,,,,,,,,,,,,,,,,,,,,,,499.0,360.0,518.0,632.0,471.0,526.0,405.0,473.0,789.0,462.0,270.0,155.0,67.0,421.0,403.0,362.0,237.0,213.0,466.0,351.0,141.0,522.0,204.0,513.0,405.0,347.0,246.0,359.0,182.0,288.0,461.0,334.0,362.0,366.0,347.0,553.0
,,,,,,,,,,,,,,,,,,,,,,,,,,,,,496.0,357.0,517.0,630.0,471.0,526.0,404.0,472.0,788.0,459.0,268.0,154.0,64.0,418.0,403.0,361.0,233.0,209.0,465.0,348.0,136.0,520.0,199.0,511.0,402.0,345.0,243.0,358.0,180.0,288.0,461.0,332.0,361.0,363.0,344.0,551.0
,,,,,,,,,,,,,,,,,,,,,,,,,,,,,492.0,355.0,514.0,628.0,471.0,524.0,403.0,470.0,788.0,458.0,266.0,153.0,63.0,415.0,401.0,359.0,230.0,208.0,464.0,347.0,133.0,518.0,198.0,509.0,401.0,343.0,239.0,357.0,177.0,286.0,460.0,330.0,361.0,362.0,339.0,551.0
,,,,,,,,,,,,,,,,,,,,,,,,,,,,,489.0,352.0,514.0,627.0,471.0,524.0,400.0,468.0,787.0,457.0,265.0,151.0,59.0,413.0,398.0,357.0,226.0,206.0,461.0,343.0,130.0,518.0,195.0,507.0,399.0,342.0,237.0,354.0,174.0,284.0,460.0,327.0,360.0,361.0,337.0,551.0
,,,,,,,,,,,,,,,,,,,,,,,,,,,,,488.0,352.0,514.0,626.0,468.0,523.0,400.0,466.0,785.0,454.0,263.0,150.0,56.0,411.0,396.0,355.0,223.0,204.0,459.0,340.0,,517.0,195.0,506.0,397.0,342.0,234.0,351.0,172.0,282.0,460.0,326.0,359.0,359.0,334.0,551.0
,,,,,,,,,,,,,,,,,,,,,,,,,,,,,484.0,351.0,513.0,625.0,466.0,521.0,399.0,464.0,785.0,452.0,263.0,149.0,53.0,410.0,395.0,352.0,219.0,,457.0,337.0,,515.0,191.0,502.0,396.0,342.0,,351.0,171.0,281.0,460.0,323.0,357.0,357.0,331.0,549.0
,,,,,,,,,,,,,,,,,,,,,,,,,,,,,481.0,348.0,511.0,624.0,463.0,521.0,397.0,463.0,785.0,450.0,262.0,147.0,51.0,407.0,394.0,348.0,215.0,,456.0,335.0,,515.0,190.0,498.0,394.0,341.0,,347.0,167.0,279.0,459.0,322.0,356.0,355.0,329.0,547.0
,,,,,,,,,,,,,,,,,,,,,,,,,,,,,477.0,344.0,510.0,621.0,461.0,521.0,394.0,462.0,785.0,450.0,262.0,144.0,,405.0,392.0,344.0,213.0,,454.0,332.0,,513.0,187.0,497.0,392.0,338.0,,347.0,165.0,278.0,459.0,320.0,354.0,354.0,328.0,546.0
,,,,,,,,,,,,,,,,,,,,,,,,,,,,,473.0,341.0,510.0,621.0,460.0,520.0,392.0,460.0,785.0,448.0,258.0,141.0,,402.0,391.0,342.0,210.0,,452.0,330.0,,512.0,184.0,495.0,391.0,337.0,,346.0,161.0,277.0,459.0,316.0,351.0,353.0,325.0,543.0
,,,,,,,,,,,,,,,,,,,,,,,,,,,,,469.0,341.0,509.0,618.0,457.0,518.0,391.0,456.0,784.0,446.0,255.0,139.0,,400.0,391.0,341.0,206.0,,450.0,328.0,,511.0,183.0,493.0,389.0,335.0,,344.0,159.0,277.0,459.0,314.0,351.0,350.0,320.0,541.0
,,,,,,,,,,,,,,,,,,,,,,,,,,,,,466.0,341.0,509.0,617.0,452.0,517.0,388.0,453.0,783.0,445.0,251.0,137.0,,398.0,390.0,340.0,204.0,,447.0,325.0,,511.0,179.0,491.0,388.0,333.0,,341.0,155.0,275.0,459.0,312.0,351.0,349.0,317.0,539.0
,,,,,,,,,,,,,,,,,,,,,,,,,,,,,463.0,339.0,505.0,616.0,449.0,517.0,386.0,449.0,783.0,442.0,249.0,134.0,,395.0,386.0,339.0,201.0,,444.0,323.0,,510.0,175.0,489.0,387.0,332.0,,339.0,155.0,274.0,459.0,312.0,349.0,348.0,316.0,539.0
,,,,,,,,,,,,,,,,,,,,,,,,,,,,,460.0,337.0,505.0,613.0,447.0,516.0,385.0,447.0,781.0,439.0,248.0,133.0,,391.0,382.0,339.0,198.0,,443.0,320.0,,507.0,174.0,488.0,385.0,331.0,,338.0,154.0,274.0,459.0,310.0,348.0,345.0,314.0,538.0
,,,,,,,,,,,,,,,,,,,,,,,,,,,,,457.0,336.0,505.0,613.0,447.0,516.0,384.0,445.0,780.0,437.0,247.0,130.0,,390.0,380.0,338.0,197.0,,440.0,317.0,,505.0,168.0,485.0,384.0,330.0,,332.0,151.0,272.0,458.0,307.0,348.0,345.0,312.0,537.0
,,,,,,,,,,,,,,,,,,,,,,,,,,,,,453.0,336.0,505.0,612.0,445.0,516.0,381.0,443.0,778.0,435.0,245.0,127.0,,388.0,378.0,337.0,195.0,,437.0,315.0,,504.0,168.0,483.0,384.0,329.0,,332.0,149.0,271.0,456.0,306.0,347.0,345.0,309.0,535.0
,,,,,,,,,,,,,,,,,,,,,,,,,,,,,450.0,333.0,505.0,610.0,444.0,516.0,377.0,442.0,778.0,434.0,243.0,126.0,,387.0,376.0,335.0,192.0,,436.0,313.0,,503.0,165.0,480.0,383.0,328.0,,332.0,146.0,269.0,454.0,302.0,347.0,343.0,304.0,534.0
,,,,,,,,,,,,,,,,,,,,,,,,,,,,,449.0,332.0,505.0,608.0,442.0,514.0,376.0,441.0,778.0,432.0,242.0,125.0,,385.0,374.0,334.0,189.0,,435.0,310.0,,502.0,162.0,477.0,381.0,327.0,,329.0,142.0,267.0,454.0,301.0,345.0,342.0,303.0,531.0
,,,,,,,,,,,,,,,,,,,,,,,,,,,,,445.0,331.0,505.0,607.0,440.0,511.0,375.0,440.0,777.0,431.0,241.0,124.0,,383.0,371.0,333.0,185.0,,434.0,307.0,,500.0,159.0,475.0,380.0,325.0,,327.0,141.0,267.0,454.0,301.0,342.0,339.0,301.0,528.0
,,,,,,,,,,,,,,,,,,,,,,,,,,,,,441.0,328.0,505.0,605.0,440.0,508.0,375.0,438.0,776.0,430.0,240.0,122.0,,380.0,370.0,330.0,182.0,,430.0,303.0,,498.0,159.0,473.0,378.0,324.0,,323.0,138.0,266.0,452.0,300.0,342.0,337.0,299.0,527.0
,,,,,,,,,,,,,,,,,,,,,,,,,,,,,440.0,327.0,504.0,604.0,440.0,508.0,372.0,438.0,775.0,427.0,239.0,119.0,,378.0,369.0,328.0,179.0,,428.0,302.0,,497.0,158.0,473.0,377.0,323.0,,321.0,137.0,264.0,450.0,300.0,342.0,337.0,296.0,526.0
,,,,,,,,,,,,,,,,,,,,,,,,,,,,,435.0,325.0,502.0,602.0,440.0,508.0,371.0,436.0,775.0,427.0,238.0,117.0,,376.0,368.0,326.0,177.0,,426.0,299.0,,495.0,154.0,471.0,376.0,323.0,,319.0,133.0,263.0,449.0,297.0,341.0,334.0,292.0,525.0
,,,,,,,,,,,,,,,,,,,,,,,,,,,,,431.0,323.0,502.0,602.0,440.0,508.0,369.0,435.0,775.0,427.0,237.0,117.0,,375.0,367.0,325.0,173.0,,424.0,295.0,,494.0,151.0,469.0,376.0,321.0,,318.0,130.0,261.0,449.0,296.0,338.0,333.0,289.0,524.0
,,,,,,,,,,,,,,,,,,,,,,,,,,,,,431.0,322.0,501.0,601.0,440.0,508.0,367.0,433.0,775.0,427.0,236.0,114.0,,375.0,367.0,323.0,168.0,,424.0,293.0,,492.0,151.0,468.0,373.0,320.0,,316.0,127.0,259.0,449.0,295.0,336.0,332.0,288.0,523.0
,,,,,,,,,,,,,,,,,,,,,,,,,,,,,428.0,321.0,500.0,599.0,439.0,506.0,366.0,432.0,775.0,424.0,234.0,112.0,,372.0,367.0,320.0,165.0,,420.0,291.0,,490.0,150.0,467.0,372.0,319.0,,313.0,124.0,257.0,446.0,294.0,333.0,330.0,285.0,523.0
,,,,,,,,,,,,,,,,,,,,,,,,,,,,,425.0,319.0,497.0,598.0,439.0,505.0,364.0,429.0,775.0,423.0,231.0,110.0,,369.0,365.0,318.0,164.0,,417.0,288.0,,489.0,147.0,465.0,370.0,319.0,,310.0,121.0,253.0,446.0,293.0,333.0,328.0,283.0,521.0
,,,,,,,,,,,,,,,,,,,,,,,,,,,,,421.0,318.0,496.0,595.0,439.0,505.0,363.0,426.0,775.0,421.0,230.0,107.0,,366.0,365.0,315.0,161.0,,416.0,285.0,,488.0,146.0,465.0,370.0,318.0,,308.0,120.0,252.0,444.0,291.0,331.0,327.0,282.0,519.0
,,,,,,,,,,,,,,,,,,,,,,,,,,,,,418.0,317.0,495.0,590.0,436.0,503.0,361.0,423.0,775.0,418.0,230.0,105.0,,364.0,364.0,312.0,158.0,,414.0,282.0,,486.0,142.0,462.0,368.0,317.0,,305.0,119.0,251.0,444.0,290.0,330.0,326.0,279.0,518.0
,,,,,,,,,,,,,,,,,,,,,,,,,,,,,415.0,315.0,494.0,590.0,433.0,503.0,358.0,422.0,775.0,416.0,228.0,104.0,,362.0,362.0,311.0,156.0,,411.0,280.0,,484.0,142.0,458.0,367.0,316.0,,303.0,115.0,250.0,444.0,289.0,329.0,325.0,279.0,517.0
,,,,,,,,,,,,,,,,,,,,,,,,,,,,,412.0,313.0,493.0,587.0,432.0,503.0,357.0,421.0,775.0,416.0,225.0,103.0,,360.0,359.0,309.0,153.0,,408.0,276.0,,482.0,139.0,455.0,367.0,314.0,,301.0,113.0,247.0,443.0,287.0,328.0,323.0,277.0,516.0
,,,,,,,,,,,,,,,,,,,,,,,,,,,,,409.0,313.0,493.0,587.0,430.0,503.0,357.0,418.0,775.0,416.0,223.0,102.0,,358.0,357.0,306.0,151.0,,406.0,273.0,,479.0,138.0,454.0,367.0,314.0,,297.0,110.0,245.0,442.0,286.0,328.0,321.0,275.0,515.0
,,,,,,,,,,,,,,,,,,,,,,,,,,,,,409.0,310.0,493.0,586.0,427.0,503.0,355.0,417.0,775.0,416.0,221.0,100.0,,355.0,356.0,304.0,148.0,,406.0,270.0,,478.0,135.0,452.0,366.0,312.0,,294.0,107.0,243.0,441.0,286.0,325.0,320.0,273.0,513.0
,,,,,,,,,,,,,,,,,,,,,,,,,,,,,404.0,310.0,493.0,585.0,426.0,502.0,351.0,415.0,775.0,415.0,221.0,98.0,,353.0,354.0,302.0,146.0,,403.0,269.0,,475.0,134.0,450.0,364.0,311.0,,293.0,103.0,241.0,441.0,283.0,323.0,319.0,273.0,511.0
,,,,,,,,,,,,,,,,,,,,,,,,,,,,,401.0,310.0,492.0,583.0,422.0,502.0,349.0,413.0,775.0,414.0,220.0,97.0,,351.0,352.0,301.0,142.0,,401.0,268.0,,473.0,133.0,447.0,363.0,310.0,,289.0,102.0,239.0,440.0,281.0,322.0,317.0,271.0,508.0
,,,,,,,,,,,,,,,,,,,,,,,,,,,,,400.0,310.0,492.0,583.0,422.0,500.0,349.0,410.0,774.0,414.0,219.0,94.0,,348.0,351.0,299.0,139.0,,399.0,267.0,,471.0,133.0,445.0,362.0,310.0,,286.0,98.0,237.0,439.0,278.0,319.0,315.0,269.0,507.0
,,,,,,,,,,,,,,,,,,,,,,,,,,,,,399.0,308.0,489.0,583.0,419.0,499.0,348.0,408.0,774.0,413.0,216.0,93.0,,346.0,350.0,297.0,136.0,,397.0,267.0,,470.0,133.0,443.0,360.0,308.0,,284.0,97.0,235.0,438.0,278.0,318.0,314.0,268.0,507.0
,,,,,,,,,,,,,,,,,,,,,,,,,,,,,394.0,306.0,488.0,582.0,417.0,498.0,347.0,406.0,774.0,410.0,215.0,92.0,,345.0,348.0,296.0,134.0,,394.0,264.0,,468.0,132.0,440.0,356.0,308.0,,281.0,94.0,233.0,437.0,277.0,318.0,314.0,265.0,505.0
,,,,,,,,,,,,,,,,,,,,,,,,,,,,,390.0,304.0,488.0,582.0,414.0,496.0,347.0,403.0,774.0,409.0,213.0,92.0,,343.0,345.0,294.0,130.0,,392.0,263.0,,468.0,129.0,438.0,354.0,307.0,,281.0,92.0,232.0,435.0,276.0,316.0,314.0,263.0,504.0
,,,,,,,,,,,,,,,,,,,,,,,,,,,,,387.0,303.0,488.0,577.0,410.0,495.0,346.0,401.0,774.0,407.0,213.0,91.0,,343.0,344.0,294.0,129.0,,392.0,261.0,,466.0,129.0,435.0,352.0,307.0,,280.0,90.0,231.0,435.0,274.0,315.0,312.0,261.0,504.0
,,,,,,,,,,,,,,,,,,,,,,,,,,,,,386.0,302.0,487.0,577.0,406.0,492.0,346.0,399.0,774.0,405.0,212.0,89.0,,341.0,341.0,294.0,127.0,,390.0,258.0,,465.0,129.0,432.0,351.0,305.0,,279.0,,229.0,435.0,273.0,315.0,308.0,259.0,503.0
,,,,,,,,,,,,,,,,,,,,,,,,,,,,,382.0,300.0,486.0,576.0,404.0,489.0,346.0,396.0,774.0,402.0,210.0,89.0,,339.0,340.0,292.0,127.0,,388.0,256.0,,464.0,129.0,428.0,349.0,304.0,,279.0,,227.0,435.0,271.0,315.0,304.0,257.0,500.0
,,,,,,,,,,,,,,,,,,,,,,,,,,,,,382.0,300.0,486.0,575.0,401.0,488.0,344.0,394.0,774.0,399.0,209.0,87.0,,337.0,340.0,290.0,122.0,,387.0,252.0,,464.0,128.0,428.0,348.0,302.0,,276.0,,226.0,434.0,266.0,313.0,301.0,253.0,499.0
,,,,,,,,,,,,,,,,,,,,,,,,,,,,,378.0,300.0,486.0,575.0,399.0,488.0,342.0,392.0,774.0,397.0,207.0,87.0,,334.0,336.0,290.0,119.0,,385.0,249.0,,463.0,125.0,425.0,345.0,302.0,,274.0,,225.0,432.0,264.0,311.0,299.0,250.0,497.0
,,,,,,,,,,,,,,,,,,,,,,,,,,,,,375.0,299.0,486.0,574.0,396.0,488.0,339.0,389.0,774.0,395.0,205.0,85.0,,333.0,335.0,289.0,117.0,,384.0,247.0,,461.0,122.0,424.0,342.0,301.0,,270.0,,225.0,432.0,262.0,309.0,298.0,248.0,496.0
,,,,,,,,,,,,,,,,,,,,,,,,,,,,,371.0,298.0,484.0,573.0,396.0,488.0,337.0,388.0,773.0,393.0,201.0,84.0,,333.0,333.0,289.0,114.0,,383.0,245.0,,460.0,121.0,422.0,339.0,300.0,,270.0,,223.0,432.0,257.0,308.0,295.0,246.0,493.0
,,,,,,,,,,,,,,,,,,,,,,,,,,,,,367.0,297.0,483.0,571.0,394.0,487.0,337.0,386.0,773.0,391.0,200.0,82.0,,333.0,332.0,289.0,113.0,,378.0,241.0,,460.0,121.0,422.0,336.0,298.0,,265.0,,222.0,430.0,254.0,306.0,292.0,244.0,492.0
,,,,,,,,,,,,,,,,,,,,,,,,,,,,,364.0,296.0,482.0,571.0,393.0,486.0,336.0,385.0,772.0,390.0,198.0,80.0,,331.0,329.0,288.0,112.0,,375.0,238.0,,459.0,120.0,420.0,335.0,296.0,,263.0,,220.0,430.0,252.0,304.0,291.0,241.0,492.0
,,,,,,,,,,,,,,,,,,,,,,,,,,,,,361.0,293.0,482.0,570.0,392.0,486.0,335.0,384.0,771.0,388.0,196.0,79.0,,329.0,329.0,287.0,110.0,,373.0,236.0,,457.0,117.0,418.0,332.0,296.0,,259.0,,218.0,428.0,250.0,304.0,290.0,238.0,489.0
,,,,,,,,,,,,,,,,,,,,,,,,,,,,,358.0,292.0,479.0,568.0,392.0,486.0,332.0,382.0,769.0,387.0,195.0,76.0,,328.0,328.0,286.0,107.0,,371.0,235.0,,454.0,116.0,415.0,332.0,294.0,,255.0,,216.0,428.0,248.0,303.0,289.0,236.0,488.0
,,,,,,,,,,,,,,,,,,,,,,,,,,,,,357.0,290.0,477.0,565.0,392.0,486.0,332.0,381.0,769.0,386.0,195.0,74.0,,327.0,327.0,285.0,106.0,,369.0,233.0,,453.0,112.0,412.0,331.0,290.0,,253.0,,215.0,427.0,247.0,301.0,288.0,234.0,486.0
,,,,,,,,,,,,,,,,,,,,,,,,,,,,,354.0,288.0,476.0,565.0,389.0,486.0,329.0,380.0,769.0,384.0,195.0,72.0,,324.0,325.0,282.0,103.0,,367.0,231.0,,450.0,111.0,408.0,331.0,289.0,,252.0,,213.0,426.0,246.0,300.0,286.0,232.0,485.0
,,,,,,,,,,,,,,,,,,,,,,,,,,,,,350.0,286.0,475.0,565.0,387.0,486.0,328.0,378.0,769.0,382.0,193.0,72.0,,324.0,324.0,280.0,100.0,,364.0,227.0,,449.0,111.0,405.0,329.0,289.0,,251.0,,210.0,425.0,243.0,297.0,285.0,231.0,484.0
,,,,,,,,,,,,,,,,,,,,,,,,,,,,,347.0,283.0,471.0,562.0,385.0,486.0,325.0,376.0,769.0,380.0,192.0,72.0,,321.0,322.0,278.0,98.0,,363.0,224.0,,449.0,110.0,403.0,327.0,286.0,,248.0,,208.0,424.0,241.0,295.0,283.0,229.0,482.0
,,,,,,,,,,,,,,,,,,,,,,,,,,,,,346.0,280.0,471.0,562.0,384.0,486.0,324.0,376.0,768.0,378.0,190.0,70.0,,319.0,321.0,277.0,96.0,,361.0,221.0,,449.0,109.0,401.0,325.0,286.0,,246.0,,206.0,423.0,239.0,294.0,281.0,227.0,480.0
,,,,,,,,,,,,,,,,,,,,,,,,,,,,,342.0,276.0,469.0,559.0,384.0,486.0,321.0,376.0,768.0,376.0,189.0,69.0,,317.0,320.0,275.0,93.0,,358.0,220.0,,448.0,106.0,399.0,324.0,285.0,,244.0,,202.0,423.0,238.0,292.0,279.0,224.0,480.0
,,,,,,,,,,,,,,,,,,,,,,,,,,,,,339.0,276.0,468.0,558.0,384.0,486.0,319.0,374.0,767.0,375.0,189.0,67.0,,314.0,318.0,272.0,89.0,,356.0,218.0,,448.0,106.0,396.0,324.0,284.0,,240.0,,200.0,422.0,236.0,291.0,276.0,220.0,479.0
,,,,,,,,,,,,,,,,,,,,,,,,,,,,,336.0,272.0,467.0,557.0,382.0,486.0,316.0,373.0,766.0,374.0,186.0,66.0,,312.0,317.0,270.0,86.0,,353.0,215.0,,445.0,106.0,395.0,323.0,283.0,,238.0,,199.0,421.0,233.0,291.0,276.0,217.0,477.0
,,,,,,,,,,,,,,,,,,,,,,,,,,,,,335.0,272.0,465.0,553.0,382.0,485.0,315.0,373.0,766.0,373.0,183.0,64.0,,309.0,315.0,268.0,83.0,,351.0,212.0,,443.0,106.0,394.0,320.0,282.0,,238.0,,197.0,421.0,232.0,290.0,275.0,214.0,476.0
,,,,,,,,,,,,,,,,,,,,,,,,,,,,,332.0,271.0,465.0,551.0,382.0,484.0,314.0,370.0,765.0,372.0,180.0,64.0,,306.0,313.0,266.0,81.0,,347.0,206.0,,443.0,105.0,392.0,318.0,280.0,,235.0,,196.0,421.0,230.0,289.0,272.0,211.0,473.0
,,,,,,,,,,,,,,,,,,,,,,,,,,,,,331.0,270.0,465.0,551.0,379.0,482.0,312.0,368.0,764.0,370.0,178.0,61.0,,305.0,312.0,266.0,78.0,,345.0,203.0,,442.0,104.0,388.0,317.0,279.0,,235.0,,194.0,420.0,228.0,286.0,269.0,209.0,471.0
,,,,,,,,,,,,,,,,,,,,,,,,,,,,,327.0,270.0,464.0,551.0,377.0,480.0,310.0,367.0,761.0,368.0,177.0,60.0,,304.0,312.0,264.0,76.0,,344.0,200.0,,440.0,100.0,386.0,316.0,279.0,,234.0,,192.0,417.0,227.0,285.0,267.0,207.0,470.0
,,,,,,,,,,,,,,,,,,,,,,,,,,,,,324.0,268.0,463.0,551.0,375.0,477.0,309.0,365.0,760.0,366.0,174.0,58.0,,302.0,312.0,264.0,71.0,,343.0,197.0,,438.0,99.0,381.0,316.0,279.0,,233.0,,190.0,415.0,226.0,285.0,265.0,204.0,467.0
,,,,,,,,,,,,,,,,,,,,,,,,,,,,,323.0,267.0,463.0,549.0,371.0,477.0,307.0,363.0,760.0,366.0,171.0,56.0,,299.0,310.0,262.0,69.0,,341.0,196.0,,437.0,95.0,378.0,315.0,279.0,,229.0,,188.0,412.0,225.0,284.0,262.0,202.0,466.0
,,,,,,,,,,,,,,,,,,,,,,,,,,,,,318.0,263.0,460.0,549.0,370.0,477.0,305.0,362.0,758.0,362.0,170.0,54.0,,297.0,309.0,260.0,65.0,,339.0,194.0,,436.0,95.0,377.0,314.0,278.0,,228.0,,186.0,411.0,221.0,284.0,259.0,199.0,466.0
,,,,,,,,,,,,,,,,,,,,,,,,,,,,,318.0,260.0,459.0,548.0,369.0,477.0,304.0,360.0,758.0,359.0,169.0,51.0,,296.0,307.0,257.0,61.0,,336.0,191.0,,434.0,95.0,374.0,314.0,277.0,,227.0,,184.0,411.0,219.0,281.0,256.0,197.0,466.0
,,,,,,,,,,,,,,,,,,,,,,,,,,,,,317.0,259.0,457.0,548.0,369.0,477.0,301.0,357.0,757.0,358.0,168.0,50.0,,294.0,305.0,255.0,59.0,,335.0,188.0,,431.0,92.0,373.0,313.0,277.0,,226.0,,182.0,410.0,217.0,279.0,254.0,194.0,465.0
,,,,,,,,,,,,,,,,,,,,,,,,,,,,,314.0,258.0,455.0,544.0,369.0,477.0,298.0,356.0,756.0,356.0,166.0,49.0,,291.0,304.0,253.0,58.0,,333.0,185.0,,430.0,89.0,371.0,310.0,275.0,,222.0,,180.0,408.0,216.0,277.0,254.0,192.0,464.0
,,,,,,,,,,,,,,,,,,,,,,,,,,,,,310.0,258.0,453.0,541.0,369.0,477.0,296.0,355.0,755.0,354.0,165.0,47.0,,289.0,302.0,250.0,57.0,,330.0,181.0,,429.0,88.0,368.0,307.0,275.0,,220.0,,179.0,406.0,214.0,275.0,253.0,189.0,464.0
,,,,,,,,,,,,,,,,,,,,,,,,,,,,,307.0,255.0,453.0,537.0,369.0,477.0,295.0,353.0,754.0,352.0,165.0,45.0,,288.0,300.0,248.0,55.0,,327.0,178.0,,428.0,84.0,366.0,307.0,274.0,,219.0,,177.0,406.0,214.0,273.0,251.0,187.0,463.0
,,,,,,,,,,,,,,,,,,,,,,,,,,,,,304.0,253.0,452.0,537.0,368.0,477.0,294.0,350.0,754.0,350.0,163.0,44.0,,288.0,299.0,246.0,52.0,,324.0,176.0,,427.0,83.0,363.0,305.0,274.0,,217.0,,174.0,406.0,214.0,273.0,248.0,184.0,463.0
,,,,,,,,,,,,,,,,,,,,,,,,,,,,,300.0,252.0,452.0,536.0,366.0,476.0,291.0,348.0,754.0,348.0,161.0,41.0,,286.0,296.0,242.0,49.0,,322.0,174.0,,426.0,78.0,362.0,304.0,272.0,,215.0,,172.0,406.0,214.0,272.0,246.0,182.0,463.0
,,,,,,,,,,,,,,,,,,,,,,,,,,,,,297.0,250.0,452.0,536.0,365.0,475.0,288.0,348.0,754.0,345.0,160.0,39.0,,285.0,294.0,242.0,46.0,,322.0,171.0,,426.0,77.0,360.0,302.0,270.0,,215.0,,171.0,404.0,212.0,272.0,244.0,,462.0
,,,,,,,,,,,,,,,,,,,,,,,,,,,,,296.0,249.0,450.0,535.0,360.0,472.0,288.0,347.0,754.0,343.0,157.0,38.0,,284.0,293.0,241.0,44.0,,321.0,166.0,,425.0,77.0,356.0,299.0,268.0,,215.0,,170.0,404.0,209.0,270.0,241.0,,460.0
,,,,,,,,,,,,,,,,,,,,,,,,,,,,,292.0,247.0,448.0,535.0,359.0,472.0,286.0,346.0,754.0,341.0,155.0,37.0,,280.0,291.0,240.0,41.0,,320.0,164.0,,423.0,77.0,353.0,298.0,267.0,,212.0,,168.0,404.0,207.0,270.0,239.0,,459.0
,,,,,,,,,,,,,,,,,,,,,,,,,,,,,289.0,246.0,447.0,534.0,357.0,468.0,285.0,345.0,752.0,340.0,153.0,36.0,,279.0,290.0,240.0,39.0,,319.0,162.0,,423.0,77.0,351.0,298.0,265.0,,208.0,,165.0,403.0,206.0,270.0,238.0,,459.0
,,,,,,,,,,,,,,,,,,,,,,,,,,,,,285.0,245.0,447.0,533.0,357.0,467.0,284.0,343.0,751.0,338.0,151.0,33.0,,279.0,288.0,240.0,36.0,,318.0,158.0,,423.0,77.0,350.0,297.0,263.0,,206.0,,164.0,402.0,203.0,268.0,235.0,,459.0
,,,,,,,,,,,,,,,,,,,,,,,,,,,,,284.0,244.0,447.0,533.0,352.0,466.0,283.0,342.0,751.0,336.0,151.0,31.0,,277.0,284.0,239.0,33.0,,317.0,156.0,,423.0,77.0,349.0,295.0,262.0,,206.0,,161.0,401.0,202.0,267.0,233.0,,458.0
,,,,,,,,,,,,,,,,,,,,,,,,,,,,,278.0,244.0,447.0,530.0,348.0,465.0,281.0,340.0,751.0,334.0,149.0,31.0,,275.0,282.0,239.0,31.0,,315.0,155.0,,420.0,76.0,348.0,293.0,260.0,,204.0,,158.0,399.0,201.0,265.0,229.0,,455.0
,,,,,,,,,,,,,,,,,,,,,,,,,,,,,275.0,242.0,447.0,527.0,346.0,464.0,279.0,340.0,749.0,334.0,148.0,31.0,,273.0,279.0,237.0,28.0,,313.0,153.0,,420.0,71.0,347.0,291.0,259.0,,203.0,,156.0,398.0,201.0,263.0,227.0,,454.0
,,,,,,,,,,,,,,,,,,,,,,,,,,,,,271.0,241.0,447.0,524.0,345.0,463.0,275.0,339.0,749.0,331.0,146.0,29.0,,272.0,,234.0,24.0,,312.0,150.0,,420.0,66.0,344.0,290.0,258.0,,200.0,,153.0,397.0,198.0,261.0,225.0,,451.0
,,,,,,,,,,,,,,,,,,,,,,,,,,,,,268.0,240.0,447.0,523.0,344.0,463.0,272.0,338.0,749.0,328.0,144.0,26.0,,269.0,,233.0,20.0,,309.0,147.0,,417.0,65.0,342.0,289.0,258.0,,199.0,,151.0,395.0,196.0,260.0,222.0,,450.0
,,,,,,,,,,,,,,,,,,,,,,,,,,,,,267.0,238.0,446.0,523.0,342.0,463.0,272.0,336.0,749.0,325.0,141.0,25.0,,268.0,,230.0,17.0,,307.0,145.0,,415.0,64.0,341.0,289.0,255.0,,196.0,,149.0,395.0,193.0,260.0,218.0,,448.0
,,,,,,,,,,,,,,,,,,,,,,,,,,,,,263.0,238.0,446.0,521.0,342.0,462.0,271.0,335.0,749.0,323.0,138.0,23.0,,267.0,,228.0,,,305.0,141.0,,414.0,63.0,339.0,288.0,253.0,,192.0,,147.0,393.0,191.0,260.0,215.0,,446.0
,,,,,,,,,,,,,,,,,,,,,,,,,,,,,262.0,235.0,446.0,521.0,340.0,462.0,271.0,332.0,747.0,320.0,137.0,22.0,,266.0,,225.0,,,302.0,138.0,,414.0,59.0,336.0,286.0,250.0,,192.0,,145.0,392.0,190.0,260.0,214.0,,444.0
,,,,,,,,,,,,,,,,,,,,,,,,,,,,,257.0,233.0,445.0,520.0,340.0,462.0,268.0,330.0,747.0,319.0,135.0,21.0,,265.0,,224.0,,,301.0,136.0,,413.0,56.0,332.0,286.0,249.0,,191.0,,144.0,391.0,189.0,259.0,213.0,,443.0
,,,,,,,,,,,,,,,,,,,,,,,,,,,,,254.0,232.0,445.0,519.0,338.0,462.0,265.0,329.0,746.0,317.0,133.0,20.0,,264.0,,224.0,,,300.0,133.0,,412.0,56.0,331.0,284.0,249.0,,190.0,,142.0,391.0,186.0,257.0,211.0,,442.0
,,,,,,,,,,,,,,,,,,,,,,,,,,,,,250.0,230.0,443.0,518.0,336.0,462.0,262.0,327.0,745.0,315.0,129.0,18.0,,261.0,,224.0,,,297.0,128.0,,411.0,53.0,328.0,282.0,248.0,,187.0,,141.0,391.0,185.0,257.0,207.0,,441.0
,,,,,,,,,,,,,,,,,,,,,,,,,,,,,249.0,226.0,443.0,515.0,336.0,462.0,261.0,327.0,744.0,314.0,126.0,,,260.0,,221.0,,,295.0,127.0,,410.0,,325.0,280.0,246.0,,185.0,,138.0,391.0,183.0,255.0,206.0,,440.0
,,,,,,,,,,,,,,,,,,,,,,,,,,,,,246.0,224.0,442.0,514.0,335.0,460.0,259.0,326.0,743.0,311.0,125.0,,,258.0,,219.0,,,292.0,123.0,,409.0,,323.0,279.0,244.0,,184.0,,136.0,390.0,182.0,253.0,205.0,,439.0
,,,,,,,,,,,,,,,,,,,,,,,,,,,,,242.0,222.0,442.0,512.0,334.0,458.0,257.0,325.0,742.0,309.0,125.0,,,256.0,,216.0,,,289.0,119.0,,406.0,,323.0,277.0,243.0,,179.0,,135.0,388.0,182.0,250.0,205.0,,437.0
,,,,,,,,,,,,,,,,,,,,,,,,,,,,,239.0,220.0,442.0,512.0,334.0,458.0,255.0,322.0,740.0,307.0,124.0,,,254.0,,215.0,,,286.0,115.0,,404.0,,321.0,275.0,241.0,,175.0,,132.0,388.0,179.0,250.0,205.0,,435.0
,,,,,,,,,,,,,,,,,,,,,,,,,,,,,235.0,220.0,440.0,509.0,334.0,456.0,254.0,320.0,738.0,306.0,123.0,,,251.0,,214.0,,,286.0,110.0,,,,319.0,275.0,240.0,,174.0,,129.0,388.0,177.0,250.0,205.0,,434.0
,,,,,,,,,,,,,,,,,,,,,,,,,,,,,231.0,219.0,440.0,508.0,333.0,455.0,253.0,319.0,736.0,304.0,121.0,,,250.0,,211.0,,,284.0,106.0,,,,317.0,275.0,239.0,,172.0,,128.0,388.0,173.0,250.0,205.0,,433.0
,,,,,,,,,,,,,,,,,,,,,,,,,,,,,227.0,217.0,440.0,507.0,330.0,454.0,253.0,317.0,735.0,302.0,120.0,,,246.0,,209.0,,,280.0,104.0,,,,314.0,274.0,238.0,,172.0,,125.0,388.0,171.0,249.0,203.0,,432.0
,,,,,,,,,,,,,,,,,,,,,,,,,,,,,223.0,215.0,440.0,506.0,329.0,453.0,252.0,316.0,733.0,300.0,118.0,,,245.0,,207.0,,,277.0,101.0,,,,313.0,272.0,236.0,,171.0,,124.0,387.0,168.0,248.0,201.0,,432.0
,,,,,,,,,,,,,,,,,,,,,,,,,,,,,223.0,214.0,438.0,504.0,326.0,452.0,249.0,312.0,732.0,298.0,117.0,,,243.0,,205.0,,,275.0,99.0,,,,312.0,270.0,234.0,,169.0,,123.0,387.0,167.0,248.0,200.0,,431.0
,,,,,,,,,,,,,,,,,,,,,,,,,,,,,219.0,212.0,437.0,503.0,325.0,452.0,247.0,310.0,731.0,296.0,115.0,,,242.0,,204.0,,,274.0,96.0,,,,310.0,268.0,232.0,,167.0,,122.0,387.0,166.0,247.0,198.0,,430.0
,,,,,,,,,,,,,,,,,,,,,,,,,,,,,218.0,210.0,434.0,500.0,322.0,450.0,245.0,308.0,730.0,292.0,115.0,,,238.0,,201.0,,,272.0,93.0,,,,308.0,265.0,230.0,,165.0,,121.0,386.0,165.0,245.0,197.0,,428.0
,,,,,,,,,,,,,,,,,,,,,,,,,,,,,214.0,209.0,433.0,500.0,322.0,448.0,244.0,308.0,730.0,289.0,115.0,,,237.0,,201.0,,,269.0,89.0,,,,305.0,262.0,228.0,,160.0,,119.0,,164.0,244.0,195.0,,427.0
,,,,,,,,,,,,,,,,,,,,,,,,,,,,,211.0,206.0,431.0,498.0,319.0,448.0,243.0,305.0,729.0,287.0,113.0,,,236.0,,199.0,,,267.0,86.0,,,,302.0,259.0,226.0,,158.0,,117.0,,163.0,242.0,195.0,,423.0
,,,,,,,,,,,,,,,,,,,,,,,,,,,,,207.0,204.0,428.0,498.0,319.0,447.0,241.0,302.0,728.0,284.0,111.0,,,236.0,,196.0,,,264.0,83.0,,,,300.0,258.0,226.0,,157.0,,114.0,,160.0,241.0,,,422.0
,,,,,,,,,,,,,,,,,,,,,,,,,,,,,206.0,201.0,428.0,495.0,317.0,447.0,239.0,299.0,728.0,282.0,111.0,,,235.0,,195.0,,,263.0,79.0,,,,298.0,257.0,223.0,,155.0,,112.0,,158.0,238.0,,,420.0
,,,,,,,,,,,,,,,,,,,,,,,,,,,,,202.0,199.0,427.0,495.0,317.0,447.0,238.0,298.0,728.0,282.0,109.0,,,235.0,,193.0,,,263.0,76.0,,,,295.0,256.0,223.0,,154.0,,111.0,,158.0,237.0,,,418.0
,,,,,,,,,,,,,,,,,,,,,,,,,,,,,201.0,197.0,425.0,494.0,317.0,446.0,237.0,296.0,728.0,281.0,109.0,,,235.0,,192.0,,,259.0,73.0,,,,291.0,254.0,222.0,,154.0,,110.0,,158.0,236.0,,,418.0
,,,,,,,,,,,,,,,,,,,,,,,,,,,,,198.0,196.0,424.0,493.0,316.0,445.0,235.0,294.0,728.0,279.0,106.0,,,235.0,,190.0,,,256.0,70.0,,,,289.0,253.0,221.0,,152.0,,107.0,,156.0,233.0,,,415.0
,,,,,,,,,,,,,,,,,,,,,,,,,,,,,197.0,195.0,424.0,490.0,315.0,445.0,233.0,293.0,728.0,277.0,104.0,,,234.0,,187.0,,,252.0,,,,,287.0,251.0,221.0,,150.0,,105.0,,156.0,231.0,,,414.0
,,,,,,,,,,,,,,,,,,,,,,,,,,,,,193.0,192.0,424.0,489.0,315.0,445.0,232.0,289.0,728.0,276.0,103.0,,,233.0,,184.0,,,250.0,,,,,286.0,251.0,219.0,,149.0,,103.0,,155.0,231.0,,,413.0
,,,,,,,,,,,,,,,,,,,,,,,,,,,,,190.0,192.0,424.0,487.0,315.0,443.0,231.0,287.0,728.0,273.0,100.0,,,232.0,,181.0,,,248.0,,,,,285.0,250.0,218.0,,146.0,,101.0,,154.0,230.0,,,412.0
,,,,,,,,,,,,,,,,,,,,,,,,,,,,,187.0,192.0,424.0,484.0,311.0,443.0,229.0,286.0,728.0,271.0,98.0,,,229.0,,180.0,,,246.0,,,,,281.0,246.0,217.0,,144.0,,99.0,,152.0,227.0,,,408.0
,,,,,,,,,,,,,,,,,,,,,,,,,,,,,183.0,191.0,422.0,481.0,311.0,443.0,226.0,285.0,727.0,270.0,96.0,,,228.0,,180.0,,,245.0,,,,,279.0,246.0,216.0,,142.0,,99.0,,150.0,226.0,,,408.0
,,,,,,,,,,,,,,,,,,,,,,,,,,,,,180.0,190.0,421.0,481.0,310.0,442.0,224.0,282.0,726.0,270.0,93.0,,,226.0,,180.0,,,244.0,,,,,276.0,245.0,215.0,,139.0,,96.0,,147.0,225.0,,,407.0
,,,,,,,,,,,,,,,,,,,,,,,,,,,,,177.0,188.0,420.0,480.0,310.0,442.0,222.0,278.0,726.0,268.0,93.0,,,225.0,,179.0,,,241.0,,,,,274.0,244.0,214.0,,139.0,,93.0,,146.0,225.0,,,406.0
,,,,,,,,,,,,,,,,,,,,,,,,,,,,,177.0,188.0,418.0,479.0,306.0,440.0,220.0,276.0,726.0,265.0,91.0,,,222.0,,179.0,,,240.0,,,,,272.0,242.0,212.0,,139.0,,91.0,,144.0,225.0,,,406.0
,,,,,,,,,,,,,,,,,,,,,,,,,,,,,174.0,188.0,418.0,474.0,303.0,439.0,218.0,272.0,726.0,264.0,88.0,,,219.0,,176.0,,,238.0,,,,,269.0,242.0,211.0,,135.0,,89.0,,141.0,223.0,,,406.0
,,,,,,,,,,,,,,,,,,,,,,,,,,,,,173.0,185.0,417.0,472.0,301.0,437.0,218.0,270.0,726.0,262.0,85.0,,,217.0,,174.0,,,236.0,,,,,268.0,242.0,210.0,,135.0,,86.0,,140.0,222.0,,,406.0
,,,,,,,,,,,,,,,,,,,,,,,,,,,,,170.0,184.0,415.0,471.0,299.0,435.0,217.0,266.0,725.0,261.0,84.0,,,215.0,,174.0,,,233.0,,,,,265.0,241.0,208.0,,132.0,,85.0,,138.0,220.0,,,405.0
,,,,,,,,,,,,,,,,,,,,,,,,,,,,,166.0,182.0,414.0,469.0,297.0,435.0,217.0,265.0,724.0,260.0,83.0,,,213.0,,172.0,,,229.0,,,,,263.0,241.0,205.0,,130.0,,84.0,,135.0,219.0,,,405.0
,,,,,,,,,,,,,,,,,,,,,,,,,,,,,163.0,181.0,414.0,465.0,295.0,435.0,215.0,262.0,723.0,258.0,82.0,,,212.0,,170.0,,,227.0,,,,,261.0,241.0,205.0,,128.0,,82.0,,,217.0,,,403.0
,,,,,,,,,,,,,,,,,,,,,,,,,,,,,162.0,181.0,412.0,465.0,294.0,435.0,214.0,261.0,723.0,258.0,79.0,,,210.0,,169.0,,,225.0,,,,,260.0,241.0,204.0,,128.0,,80.0,,,217.0,,,402.0
,,,,,,,,,,,,,,,,,,,,,,,,,,,,,158.0,181.0,409.0,462.0,294.0,435.0,213.0,260.0,722.0,258.0,77.0,,,208.0,,166.0,,,222.0,,,,,257.0,238.0,203.0,,126.0,,79.0,,,217.0,,,401.0
,,,,,,,,,,,,,,,,,,,,,,,,,,,,,155.0,181.0,408.0,462.0,292.0,435.0,210.0,257.0,720.0,258.0,75.0,,,205.0,,163.0,,,218.0,,,,,254.0,235.0,202.0,,125.0,,78.0,,,217.0,,,399.0
,,,,,,,,,,,,,,,,,,,,,,,,,,,,,154.0,180.0,408.0,460.0,290.0,435.0,208.0,255.0,720.0,257.0,72.0,,,200.0,,162.0,,,218.0,,,,,251.0,234.0,201.0,,123.0,,76.0,,,216.0,,,397.0
,,,,,,,,,,,,,,,,,,,,,,,,,,,,,150.0,177.0,407.0,460.0,288.0,435.0,206.0,251.0,719.0,257.0,70.0,,,198.0,,158.0,,,216.0,,,,,249.0,233.0,201.0,,120.0,,73.0,,,212.0,,,396.0
,,,,,,,,,,,,,,,,,,,,,,,,,,,,,147.0,176.0,406.0,459.0,288.0,435.0,204.0,250.0,719.0,256.0,67.0,,,197.0,,155.0,,,214.0,,,,,248.0,232.0,199.0,,120.0,,70.0,,,211.0,,,395.0
,,,,,,,,,,,,,,,,,,,,,,,,,,,,,147.0,175.0,406.0,459.0,288.0,435.0,203.0,247.0,719.0,254.0,65.0,,,193.0,,153.0,,,211.0,,,,,246.0,232.0,198.0,,114.0,,69.0,,,209.0,,,395.0
,,,,,,,,,,,,,,,,,,,,,,,,,,,,,146.0,174.0,405.0,457.0,288.0,432.0,202.0,247.0,717.0,252.0,63.0,,,191.0,,151.0,,,209.0,,,,,244.0,231.0,198.0,,114.0,,67.0,,,207.0,,,394.0
,,,,,,,,,,,,,,,,,,,,,,,,,,,,,143.0,172.0,403.0,456.0,287.0,431.0,200.0,247.0,715.0,250.0,60.0,,,190.0,,148.0,,,208.0,,,,,243.0,230.0,198.0,,109.0,,65.0,,,207.0,,,393.0
,,,,,,,,,,,,,,,,,,,,,,,,,,,,,142.0,171.0,401.0,456.0,286.0,430.0,199.0,247.0,715.0,247.0,57.0,,,188.0,,,,,206.0,,,,,242.0,228.0,196.0,,104.0,,63.0,,,207.0,,,393.0
,,,,,,,,,,,,,,,,,,,,,,,,,,,,,137.0,171.0,399.0,455.0,283.0,430.0,198.0,245.0,715.0,246.0,54.0,,,186.0,,,,,204.0,,,,,241.0,228.0,196.0,,101.0,,63.0,,,204.0,,,393.0
,,,,,,,,,,,,,,,,,,,,,,,,,,,,,133.0,170.0,399.0,452.0,281.0,428.0,195.0,242.0,715.0,246.0,53.0,,,184.0,,,,,202.0,,,,,239.0,228.0,195.0,,99.0,,60.0,,,202.0,,,392.0
,,,,,,,,,,,,,,,,,,,,,,,,,,,,,129.0,168.0,398.0,452.0,281.0,427.0,194.0,239.0,715.0,244.0,53.0,,,183.0,,,,,200.0,,,,,235.0,227.0,195.0,,98.0,,57.0,,,199.0,,,391.0
,,,,,,,,,,,,,,,,,,,,,,,,,,,,,,167.0,398.0,452.0,279.0,427.0,193.0,237.0,715.0,244.0,53.0,,,181.0,,,,,198.0,,,,,232.0,224.0,193.0,,98.0,,55.0,,,197.0,,,391.0
,,,,,,,,,,,,,,,,,,,,,,,,,,,,,,166.0,396.0,450.0,279.0,427.0,193.0,236.0,715.0,243.0,51.0,,,178.0,,,,,195.0,,,,,230.0,222.0,192.0,,92.0,,52.0,,,197.0,,,391.0
,,,,,,,,,,,,,,,,,,,,,,,,,,,,,,166.0,395.0,449.0,279.0,427.0,190.0,235.0,715.0,241.0,50.0,,,176.0,,,,,193.0,,,,,229.0,219.0,,,91.0,,50.0,,,195.0,,,390.0
,,,,,,,,,,,,,,,,,,,,,,,,,,,,,,166.0,394.0,449.0,278.0,426.0,188.0,232.0,715.0,239.0,47.0,,,172.0,,,,,191.0,,,,,225.0,218.0,,,90.0,,49.0,,,194.0,,,388.0
,,,,,,,,,,,,,,,,,,,,,,,,,,,,,,164.0,392.0,445.0,275.0,426.0,185.0,230.0,715.0,238.0,46.0,,,171.0,,,,,188.0,,,,,224.0,217.0,,,87.0,,48.0,,,194.0,,,386.0
,,,,,,,,,,,,,,,,,,,,,,,,,,,,,,163.0,392.0,445.0,273.0,426.0,184.0,228.0,714.0,236.0,42.0,,,169.0,,,,,187.0,,,,,222.0,217.0,,,82.0,,45.0,,,193.0,,,382.0
,,,,,,,,,,,,,,,,,,,,,,,,,,,,,,162.0,392.0,444.0,272.0,425.0,182.0,226.0,714.0,234.0,40.0,,,166.0,,,,,186.0,,,,,220.0,215.0,,,78.0,,43.0,,,192.0,,,381.0
,,,,,,,,,,,,,,,,,,,,,,,,,,,,,,161.0,391.0,444.0,270.0,424.0,182.0,224.0,714.0,232.0,37.0,,,163.0,,,,,182.0,,,,,217.0,213.0,,,76.0,,42.0,,,192.0,,,380.0
,,,,,,,,,,,,,,,,,,,,,,,,,,,,,,160.0,387.0,440.0,268.0,424.0,180.0,223.0,714.0,230.0,34.0,,,159.0,,,,,180.0,,,,,214.0,212.0,,,74.0,,40.0,,,192.0,,,378.0
,,,,,,,,,,,,,,,,,,,,,,,,,,,,,,157.0,386.0,440.0,266.0,424.0,180.0,222.0,712.0,229.0,31.0,,,159.0,,,,,179.0,,,,,212.0,210.0,,,74.0,,38.0,,,192.0,,,378.0
,,,,,,,,,,,,,,,,,,,,,,,,,,,,,,156.0,384.0,440.0,266.0,423.0,178.0,220.0,712.0,227.0,29.0,,,158.0,,,,,177.0,,,,,208.0,209.0,,,73.0,,38.0,,,190.0,,,378.0
,,,,,,,,,,,,,,,,,,,,,,,,,,,,,,156.0,383.0,440.0,265.0,422.0,177.0,218.0,712.0,224.0,28.0,,,155.0,,,,,176.0,,,,,205.0,208.0,,,72.0,,36.0,,,190.0,,,377.0
,,,,,,,,,,,,,,,,,,,,,,,,,,,,,,,382.0,439.0,264.0,420.0,177.0,216.0,712.0,222.0,,,,152.0,,,,,175.0,,,,,203.0,205.0,,,70.0,,33.0,,,190.0,,,374.0
,,,,,,,,,,,,,,,,,,,,,,,,,,,,,,,381.0,438.0,261.0,420.0,175.0,214.0,712.0,221.0,,,,151.0,,,,,174.0,,,,,200.0,202.0,,,67.0,,,,,190.0,,,372.0
,,,,,,,,,,,,,,,,,,,,,,,,,,,,,,,378.0,436.0,261.0,419.0,173.0,213.0,710.0,220.0,,,,150.0,,,,,172.0,,,,,198.0,200.0,,,67.0,,,,,187.0,,,372.0
,,,,,,,,,,,,,,,,,,,,,,,,,,,,,,,377.0,436.0,259.0,419.0,171.0,211.0,709.0,217.0,,,,149.0,,,,,170.0,,,,,197.0,197.0,,,,,,,,187.0,,,371.0
,,,,,,,,,,,,,,,,,,,,,,,,,,,,,,,374.0,434.0,257.0,419.0,170.0,210.0,708.0,216.0,,,,147.0,,,,,,,,,,192.0,194.0,,,,,,,,187.0,,,371.0
,,,,,,,,,,,,,,,,,,,,,,,,,,,,,,,372.0,431.0,257.0,419.0,168.0,206.0,707.0,214.0,,,,144.0,,,,,,,,,,188.0,192.0,,,,,,,,187.0,,,369.0
,,,,,,,,,,,,,,,,,,,,,,,,,,,,,,,370.0,430.0,255.0,419.0,166.0,203.0,706.0,213.0,,,,141.0,,,,,,,,,,186.0,190.0,,,,,,,,187.0,,,366.0
,,,,,,,,,,,,,,,,,,,,,,,,,,,,,,,370.0,428.0,252.0,418.0,165.0,202.0,705.0,210.0,,,,139.0,,,,,,,,,,184.0,189.0,,,,,,,,185.0,,,365.0
,,,,,,,,,,,,,,,,,,,,,,,,,,,,,,,370.0,424.0,250.0,418.0,165.0,201.0,705.0,207.0,,,,138.0,,,,,,,,,,183.0,188.0,,,,,,,,185.0,,,364.0
,,,,,,,,,,,,,,,,,,,,,,,,,,,,,,,370.0,424.0,248.0,418.0,164.0,198.0,705.0,206.0,,,,138.0,,,,,,,,,,182.0,186.0,,,,,,,,185.0,,,364.0
,,,,,,,,,,,,,,,,,,,,,,,,,,,,,,,368.0,424.0,246.0,416.0,164.0,195.0,705.0,204.0,,,,137.0,,,,,,,,,,181.0,186.0,,,,,,,,185.0,,,363.0
,,,,,,,,,,,,,,,,,,,,,,,,,,,,,,,365.0,424.0,244.0,416.0,163.0,193.0,705.0,202.0,,,,134.0,,,,,,,,,,180.0,185.0,,,,,,,,184.0,,,360.0
,,,,,,,,,,,,,,,,,,,,,,,,,,,,,,,363.0,421.0,244.0,415.0,161.0,191.0,705.0,201.0,,,,131.0,,,,,,,,,,177.0,185.0,,,,,,,,184.0,,,359.0
,,,,,,,,,,,,,,,,,,,,,,,,,,,,,,,362.0,421.0,244.0,414.0,160.0,189.0,705.0,199.0,,,,130.0,,,,,,,,,,175.0,185.0,,,,,,,,184.0,,,355.0
,,,,,,,,,,,,,,,,,,,,,,,,,,,,,,,362.0,417.0,243.0,413.0,,186.0,705.0,197.0,,,,129.0,,,,,,,,,,173.0,185.0,,,,,,,,182.0,,,355.0
,,,,,,,,,,,,,,,,,,,,,,,,,,,,,,,362.0,417.0,243.0,413.0,,186.0,705.0,195.0,,,,129.0,,,,,,,,,,171.0,183.0,,,,,,,,182.0,,,353.0
,,,,,,,,,,,,,,,,,,,,,,,,,,,,,,,362.0,417.0,240.0,413.0,,186.0,705.0,192.0,,,,128.0,,,,,,,,,,169.0,183.0,,,,,,,,181.0,,,352.0
,,,,,,,,,,,,,,,,,,,,,,,,,,,,,,,362.0,416.0,237.0,413.0,,186.0,705.0,191.0,,,,126.0,,,,,,,,,,169.0,182.0,,,,,,,,181.0,,,352.0
,,,,,,,,,,,,,,,,,,,,,,,,,,,,,,,361.0,415.0,235.0,413.0,,185.0,705.0,189.0,,,,125.0,,,,,,,,,,168.0,180.0,,,,,,,,181.0,,,349.0
,,,,,,,,,,,,,,,,,,,,,,,,,,,,,,,361.0,414.0,234.0,413.0,,184.0,705.0,188.0,,,,125.0,,,,,,,,,,164.0,180.0,,,,,,,,179.0,,,347.0
,,,,,,,,,,,,,,,,,,,,,,,,,,,,,,,359.0,412.0,232.0,412.0,,182.0,705.0,187.0,,,,124.0,,,,,,,,,,160.0,177.0,,,,,,,,178.0,,,345.0
,,,,,,,,,,,,,,,,,,,,,,,,,,,,,,,357.0,410.0,229.0,411.0,,181.0,705.0,187.0,,,,120.0,,,,,,,,,,158.0,177.0,,,,,,,,176.0,,,345.0
,,,,,,,,,,,,,,,,,,,,,,,,,,,,,,,355.0,406.0,225.0,410.0,,181.0,705.0,187.0,,,,118.0,,,,,,,,,,155.0,174.0,,,,,,,,176.0,,,342.0
,,,,,,,,,,,,,,,,,,,,,,,,,,,,,,,355.0,406.0,223.0,409.0,,181.0,703.0,186.0,,,,117.0,,,,,,,,,,154.0,171.0,,,,,,,,176.0,,,341.0
,,,,,,,,,,,,,,,,,,,,,,,,,,,,,,,353.0,406.0,222.0,407.0,,179.0,703.0,184.0,,,,115.0,,,,,,,,,,150.0,169.0,,,,,,,,174.0,,,340.0
,,,,,,,,,,,,,,,,,,,,,,,,,,,,,,,352.0,405.0,219.0,406.0,,177.0,703.0,184.0,,,,113.0,,,,,,,,,,148.0,169.0,,,,,,,,172.0,,,340.0
,,,,,,,,,,,,,,,,,,,,,,,,,,,,,,,349.0,405.0,218.0,404.0,,175.0,701.0,182.0,,,,112.0,,,,,,,,,,145.0,168.0,,,,,,,,168.0,,,338.0
,,,,,,,,,,,,,,,,,,,,,,,,,,,,,,,347.0,404.0,218.0,404.0,,175.0,698.0,179.0,,,,110.0,,,,,,,,,,142.0,167.0,,,,,,,,167.0,,,338.0
,,,,,,,,,,,,,,,,,,,,,,,,,,,,,,,346.0,403.0,217.0,404.0,,171.0,697.0,179.0,,,,108.0,,,,,,,,,,,166.0,,,,,,,,166.0,,,338.0
,,,,,,,,,,,,,,,,,,,,,,,,,,,,,,,346.0,400.0,216.0,403.0,,169.0,696.0,178.0,,,,106.0,,,,,,,,,,,164.0,,,,,,,,166.0,,,337.0
,,,,,,,,,,,,,,,,,,,,,,,,,,,,,,,343.0,397.0,214.0,402.0,,168.0,695.0,176.0,,,,105.0,,,,,,,,,,,163.0,,,,,,,,165.0,,,336.0
,,,,,,,,,,,,,,,,,,,,,,,,,,,,,,,342.0,397.0,213.0,400.0,,166.0,692.0,175.0,,,,102.0,,,,,,,,,,,163.0,,,,,,,,162.0,,,335.0
,,,,,,,,,,,,,,,,,,,,,,,,,,,,,,,340.0,397.0,210.0,399.0,,166.0,692.0,172.0,,,,97.0,,,,,,,,,,,163.0,,,,,,,,162.0,,,333.0
,,,,,,,,,,,,,,,,,,,,,,,,,,,,,,,339.0,392.0,209.0,399.0,,166.0,692.0,171.0,,,,96.0,,,,,,,,,,,162.0,,,,,,,,162.0,,,332.0
,,,,,,,,,,,,,,,,,,,,,,,,,,,,,,,337.0,392.0,207.0,399.0,,164.0,690.0,170.0,,,,94.0,,,,,,,,,,,161.0,,,,,,,,159.0,,,331.0
,,,,,,,,,,,,,,,,,,,,,,,,,,,,,,,335.0,389.0,205.0,399.0,,162.0,690.0,167.0,,,,91.0,,,,,,,,,,,158.0,,,,,,,,157.0,,,328.0
,,,,,,,,,,,,,,,,,,,,,,,,,,,,,,,334.0,389.0,203.0,398.0,,159.0,690.0,166.0,,,,89.0,,,,,,,,,,,154.0,,,,,,,,154.0,,,327.0
,,,,,,,,,,,,,,,,,,,,,,,,,,,,,,,334.0,384.0,200.0,398.0,,,690.0,164.0,,,,88.0,,,,,,,,,,,152.0,,,,,,,,154.0,,,327.0
,,,,,,,,,,,,,,,,,,,,,,,,,,,,,,,334.0,383.0,197.0,398.0,,,688.0,163.0,,,,87.0,,,,,,,,,,,151.0,,,,,,,,153.0,,,324.0
,,,,,,,,,,,,,,,,,,,,,,,,,,,,,,,332.0,383.0,195.0,398.0,,,688.0,162.0,,,,86.0,,,,,,,,,,,148.0,,,,,,,,152.0,,,324.0
,,,,,,,,,,,,,,,,,,,,,,,,,,,,,,,331.0,381.0,193.0,398.0,,,688.0,160.0,,,,86.0,,,,,,,,,,,148.0,,,,,,,,149.0,,,323.0
,,,,,,,,,,,,,,,,,,,,,,,,,,,,,,,331.0,376.0,191.0,398.0,,,688.0,160.0,,,,83.0,,,,,,,,,,,148.0,,,,,,,,148.0,,,322.0
,,,,,,,,,,,,,,,,,,,,,,,,,,,,,,,331.0,375.0,191.0,397.0,,,686.0,159.0,,,,81.0,,,,,,,,,,,146.0,,,,,,,,147.0,,,322.0
,,,,,,,,,,,,,,,,,,,,,,,,,,,,,,,330.0,374.0,190.0,397.0,,,686.0,,,,,80.0,,,,,,,,,,,146.0,,,,,,,,147.0,,,320.0
,,,,,,,,,,,,,,,,,,,,,,,,,,,,,,,329.0,374.0,188.0,397.0,,,685.0,,,,,,,,,,,,,,,,145.0,,,,,,,,147.0,,,319.0
,,,,,,,,,,,,,,,,,,,,,,,,,,,,,,,329.0,372.0,185.0,395.0,,,685.0,,,,,,,,,,,,,,,,145.0,,,,,,,,146.0,,,318.0
,,,,,,,,,,,,,,,,,,,,,,,,,,,,,,,328.0,371.0,184.0,393.0,,,684.0,,,,,,,,,,,,,,,,145.0,,,,,,,,143.0,,,316.0
,,,,,,,,,,,,,,,,,,,,,,,,,,,,,,,327.0,370.0,181.0,390.0,,,684.0,,,,,,,,,,,,,,,,143.0,,,,,,,,142.0,,,314.0
,,,,,,,,,,,,,,,,,,,,,,,,,,,,,,,327.0,368.0,181.0,390.0,,,683.0,,,,,,,,,,,,,,,,142.0,,,,,,,,142.0,,,313.0
,,,,,,,,,,,,,,,,,,,,,,,,,,,,,,,325.0,367.0,179.0,390.0,,,683.0,,,,,,,,,,,,,,,,140.0,,,,,,,,141.0,,,313.0
,,,,,,,,,,,,,,,,,,,,,,,,,,,,,,,323.0,366.0,176.0,388.0,,,681.0,,,,,,,,,,,,,,,,139.0,,,,,,,,139.0,,,313.0
,,,,,,,,,,,,,,,,,,,,,,,,,,,,,,,322.0,366.0,174.0,386.0,,,680.0,,,,,,,,,,,,,,,,138.0,,,,,,,,138.0,,,313.0
,,,,,,,,,,,,,,,,,,,,,,,,,,,,,,,321.0,362.0,171.0,384.0,,,679.0,,,,,,,,,,,,,,,,135.0,,,,,,,,135.0,,,313.0
,,,,,,,,,,,,,,,,,,,,,,,,,,,,,,,319.0,360.0,170.0,383.0,,,679.0,,,,,,,,,,,,,,,,134.0,,,,,,,,132.0,,,313.0
,,,,,,,,,,,,,,,,,,,,,,,,,,,,,,,319.0,358.0,170.0,383.0,,,678.0,,,,,,,,,,,,,,,,133.0,,,,,,,,131.0,,,311.0
,,,,,,,,,,,,,,,,,,,,,,,,,,,,,,,319.0,,170.0,381.0,,,676.0,,,,,,,,,,,,,,,,132.0,,,,,,,,130.0,,,309.0
,,,,,,,,,,,,,,,,,,,,,,,,,,,,,,,316.0,,170.0,381.0,,,675.0,,,,,,,,,,,,,,,,129.0,,,,,,,,129.0,,,308.0
,,,,,,,,,,,,,,,,,,,,,,,,,,,,,,,314.0,,167.0,381.0,,,675.0,,,,,,,,,,,,,,,,126.0,,,,,,,,127.0,,,307.0
,,,,,,,,,,,,,,,,,,,,,,,,,,,,,,,312.0,,165.0,380.0,,,675.0,,,,,,,,,,,,,,,,124.0,,,,,,,,127.0,,,306.0
,,,,,,,,,,,,,,,,,,,,,,,,,,,,,,,309.0,,164.0,378.0,,,675.0,,,,,,,,,,,,,,,,122.0,,,,,,,,125.0,,,306.0
,,,,,,,,,,,,,,,,,,,,,,,,,,,,,,,308.0,,162.0,377.0,,,675.0,,,,,,,,,,,,,,,,121.0,,,,,,,,,,,304.0
,,,,,,,,,,,,,,,,,,,,,,,,,,,,,,,307.0,,160.0,377.0,,,675.0,,,,,,,,,,,,,,,,120.0,,,,,,,,,,,302.0
,,,,,,,,,,,,,,,,,,,,,,,,,,,,,,,305.0,,160.0,376.0,,,675.0,,,,,,,,,,,,,,,,118.0,,,,,,,,,,,300.0
,,,,,,,,,,,,,,,,,,,,,,,,,,,,,,,304.0,,157.0,376.0,,,675.0,,,,,,,,,,,,,,,,116.0,,,,,,,,,,,297.0
,,,,,,,,,,,,,,,,,,,,,,,,,,,,,,,302.0,,156.0,375.0,,,675.0,,,,,,,,,,,,,,,,115.0,,,,,,,,,,,296.0
,,,,,,,,,,,,,,,,,,,,,,,,,,,,,,,290.0,,155.0,375.0,,,675.0,,,,,,,,,,,,,,,,113.0,,,,,,,,,,,294.0
,,,,,,,,,,,,,,,,,,,,,,,,,,,,,,,288.0,,154.0,375.0,,,674.0,,,,,,,,,,,,,,,,111.0,,,,,,,,,,,293.0
,,,,,,,,,,,,,,,,,,,,,,,,,,,,,,,286.0,,153.0,375.0,,,673.0,,,,,,,,,,,,,,,,108.0,,,,,,,,,,,292.0
,,,,,,,,,,,,,,,,,,,,,,,,,,,,,,,286.0,,151.0,375.0,,,673.0,,,,,,,,,,,,,,,,107.0,,,,,,,,,,,291.0
,,,,,,,,,,,,,,,,,,,,,,,,,,,,,,,285.0,,150.0,374.0,,,672.0,,,,,,,,,,,,,,,,106.0,,,,,,,,,,,291.0
,,,,,,,,,,,,,,,,,,,,,,,,,,,,,,,285.0,,148.0,374.0,,,671.0,,,,,,,,,,,,,,,,104.0,,,,,,,,,,,291.0
,,,,,,,,,,,,,,,,,,,,,,,,,,,,,,,285.0,,148.0,374.0,,,671.0,,,,,,,,,,,,,,,,103.0,,,,,,,,,,,291.0
,,,,,,,,,,,,,,,,,,,,,,,,,,,,,,,285.0,,146.0,374.0,,,670.0,,,,,,,,,,,,,,,,102.0,,,,,,,,,,,290.0
,,,,,,,,,,,,,,,,,,,,,,,,,,,,,,,285.0,,145.0,371.0,,,669.0,,,,,,,,,,,,,,,,100.0,,,,,,,,,,,288.0
,,,,,,,,,,,,,,,,,,,,,,,,,,,,,,,285.0,,143.0,370.0,,,668.0,,,,,,,,,,,,,,,,98.0,,,,,,,,,,,287.0
,,,,,,,,,,,,,,,,,,,,,,,,,,,,,,,285.0,,142.0,368.0,,,667.0,,,,,,,,,,,,,,,,96.0,,,,,,,,,,,283.0
,,,,,,,,,,,,,,,,,,,,,,,,,,,,,,,,,141.0,365.0,,,666.0,,,,,,,,,,,,,,,,94.0,,,,,,,,,,,283.0
,,,,,,,,,,,,,,,,,,,,,,,,,,,,,,,,,140.0,364.0,,,665.0,,,,,,,,,,,,,,,,92.0,,,,,,,,,,,281.0
,,,,,,,,,,,,,,,,,,,,,,,,,,,,,,,,,138.0,363.0,,,664.0,,,,,,,,,,,,,,,,91.0,,,,,,,,,,,279.0
,,,,,,,,,,,,,,,,,,,,,,,,,,,,,,,,,135.0,362.0,,,663.0,,,,,,,,,,,,,,,,87.0,,,,,,,,,,,277.0
,,,,,,,,,,,,,,,,,,,,,,,,,,,,,,,,,134.0,362.0,,,661.0,,,,,,,,,,,,,,,,85.0,,,,,,,,,,,276.0
,,,,,,,,,,,,,,,,,,,,,,,,,,,,,,,,,131.0,362.0,,,660.0,,,,,,,,,,,,,,,,82.0,,,,,,,,,,,276.0
,,,,,,,,,,,,,,,,,,,,,,,,,,,,,,,,,129.0,362.0,,,659.0,,,,,,,,,,,,,,,,81.0,,,,,,,,,,,276.0
,,,,,,,,,,,,,,,,,,,,,,,,,,,,,,,,,126.0,362.0,,,657.0,,,,,,,,,,,,,,,,80.0,,,,,,,,,,,275.0
,,,,,,,,,,,,,,,,,,,,,,,,,,,,,,,,,125.0,362.0,,,657.0,,,,,,,,,,,,,,,,79.0,,,,,,,,,,,275.0
,,,,,,,,,,,,,,,,,,,,,,,,,,,,,,,,,122.0,361.0,,,657.0,,,,,,,,,,,,,,,,77.0,,,,,,,,,,,273.0
,,,,,,,,,,,,,,,,,,,,,,,,,,,,,,,,,121.0,358.0,,,657.0,,,,,,,,,,,,,,,,76.0,,,,,,,,,,,272.0
,,,,,,,,,,,,,,,,,,,,,,,,,,,,,,,,,120.0,358.0,,,657.0,,,,,,,,,,,,,,,,76.0,,,,,,,,,,,272.0
,,,,,,,,,,,,,,,,,,,,,,,,,,,,,,,,,118.0,358.0,,,657.0,,,,,,,,,,,,,,,,,,,,,,,,,,,272.0
,,,,,,,,,,,,,,,,,,,,,,,,,,,,,,,,,116.0,358.0,,,656.0,,,,,,,,,,,,,,,,,,,,,,,,,,,271.0
,,,,,,,,,,,,,,,,,,,,,,,,,,,,,,,,,114.0,357.0,,,654.0,,,,,,,,,,,,,,,,,,,,,,,,,,,268.0
,,,,,,,,,,,,,,,,,,,,,,,,,,,,,,,,,113.0,357.0,,,654.0,,,,,,,,,,,,,,,,,,,,,,,,,,,266.0
,,,,,,,,,,,,,,,,,,,,,,,,,,,,,,,,,112.0,354.0,,,652.0,,,,,,,,,,,,,,,,,,,,,,,,,,,265.0
,,,,,,,,,,,,,,,,,,,,,,,,,,,,,,,,,108.0,354.0,,,652.0,,,,,,,,,,,,,,,,,,,,,,,,,,,265.0
,,,,,,,,,,,,,,,,,,,,,,,,,,,,,,,,,106.0,354.0,,,652.0,,,,,,,,,,,,,,,,,,,,,,,,,,,263.0
,,,,,,,,,,,,,,,,,,,,,,,,,,,,,,,,,103.0,354.0,,,651.0,,,,,,,,,,,,,,,,,,,,,,,,,,,260.0
,,,,,,,,,,,,,,,,,,,,,,,,,,,,,,,,,102.0,353.0,,,650.0,,,,,,,,,,,,,,,,,,,,,,,,,,,259.0
,,,,,,,,,,,,,,,,,,,,,,,,,,,,,,,,,101.0,352.0,,,648.0,,,,,,,,,,,,,,,,,,,,,,,,,,,255.0
,,,,,,,,,,,,,,,,,,,,,,,,,,,,,,,,,99.0,351.0,,,646.0,,,,,,,,,,,,,,,,,,,,,,,,,,,254.0
,,,,,,,,,,,,,,,,,,,,,,,,,,,,,,,,,98.0,348.0,,,646.0,,,,,,,,,,,,,,,,,,,,,,,,,,,254.0
,,,,,,,,,,,,,,,,,,,,,,,,,,,,,,,,,96.0,347.0,,,645.0,,,,,,,,,,,,,,,,,,,,,,,,,,,
,,,,,,,,,,,,,,,,,,,,,,,,,,,,,,,,,95.0,,,,645.0,,,,,,,,,,,,,,,,,,,,,,,,,,,
,,,,,,,,,,,,,,,,,,,,,,,,,,,,,,,,,94.0,,,,644.0,,,,,,,,,,,,,,,,,,,,,,,,,,,
,,,,,,,,,,,,,,,,,,,,,,,,,,,,,,,,,92.0,,,,644.0,,,,,,,,,,,,,,,,,,,,,,,,,,,
,,,,,,,,,,,,,,,,,,,,,,,,,,,,,,,,,89.0,,,,643.0,,,,,,,,,,,,,,,,,,,,,,,,,,,
,,,,,,,,,,,,,,,,,,,,,,,,,,,,,,,,,87.0,,,,641.0,,,,,,,,,,,,,,,,,,,,,,,,,,,
,,,,,,,,,,,,,,,,,,,,,,,,,,,,,,,,,85.0,,,,640.0,,,,,,,,,,,,,,,,,,,,,,,,,,,
,,,,,,,,,,,,,,,,,,,,,,,,,,,,,,,,,84.0,,,,640.0,,,,,,,,,,,,,,,,,,,,,,,,,,,
,,,,,,,,,,,,,,,,,,,,,,,,,,,,,,,,,83.0,,,,639.0,,,,,,,,,,,,,,,,,,,,,,,,,,,
,,,,,,,,,,,,,,,,,,,,,,,,,,,,,,,,,81.0,,,,638.0,,,,,,,,,,,,,,,,,,,,,,,,,,,
,,,,,,,,,,,,,,,,,,,,,,,,,,,,,,,,,79.0,,,,638.0,,,,,,,,,,,,,,,,,,,,,,,,,,,
,,,,,,,,,,,,,,,,,,,,,,,,,,,,,,,,,78.0,,,,637.0,,,,,,,,,,,,,,,,,,,,,,,,,,,
,,,,,,,,,,,,,,,,,,,,,,,,,,,,,,,,,77.0,,,,635.0,,,,,,,,,,,,,,,,,,,,,,,,,,,
,,,,,,,,,,,,,,,,,,,,,,,,,,,,,,,,,75.0,,,,634.0,,,,,,,,,,,,,,,,,,,,,,,,,,,
,,,,,,,,,,,,,,,,,,,,,,,,,,,,,,,,,72.0,,,,634.0,,,,,,,,,,,,,,,,,,,,,,,,,,,
,,,,,,,,,,,,,,,,,,,,,,,,,,,,,,,,,72.0,,,,634.0,,,,,,,,,,,,,,,,,,,,,,,,,,,
,,,,,,,,,,,,,,,,,,,,,,,,,,,,,,,,,72.0,,,,634.0,,,,,,,,,,,,,,,,,,,,,,,,,,,
,,,,,,,,,,,,,,,,,,,,,,,,,,,,,,,,,72.0,,,,634.0,,,,,,,,,,,,,,,,,,,,,,,,,,,
,,,,,,,,,,,,,,,,,,,,,,,,,,,,,,,,,69.0,,,,634.0,,,,,,,,,,,,,,,,,,,,,,,,,,,
,,,,,,,,,,,,,,,,,,,,,,,,,,,,,,,,,64.0,,,,634.0,,,,,,,,,,,,,,,,,,,,,,,,,,,
,,,,,,,,,,,,,,,,,,,,,,,,,,,,,,,,,63.0,,,,632.0,,,,,,,,,,,,,,,,,,,,,,,,,,,
,,,,,,,,,,,,,,,,,,,,,,,,,,,,,,,,,62.0,,,,632.0,,,,,,,,,,,,,,,,,,,,,,,,,,,
,,,,,,,,,,,,,,,,,,,,,,,,,,,,,,,,,61.0,,,,630.0,,,,,,,,,,,,,,,,,,,,,,,,,,,
,,,,,,,,,,,,,,,,,,,,,,,,,,,,,,,,,60.0,,,,630.0,,,,,,,,,,,,,,,,,,,,,,,,,,,
,,,,,,,,,,,,,,,,,,,,,,,,,,,,,,,,,60.0,,,,630.0,,,,,,,,,,,,,,,,,,,,,,,,,,,
,,,,,,,,,,,,,,,,,,,,,,,,,,,,,,,,,60.0,,,,629.0,,,,,,,,,,,,,,,,,,,,,,,,,,,
,,,,,,,,,,,,,,,,,,,,,,,,,,,,,,,,,60.0,,,,628.0,,,,,,,,,,,,,,,,,,,,,,,,,,,
,,,,,,,,,,,,,,,,,,,,,,,,,,,,,,,,,56.0,,,,628.0,,,,,,,,,,,,,,,,,,,,,,,,,,,
,,,,,,,,,,,,,,,,,,,,,,,,,,,,,,,,,52.0,,,,627.0,,,,,,,,,,,,,,,,,,,,,,,,,,,
,,,,,,,,,,,,,,,,,,,,,,,,,,,,,,,,,51.0,,,,627.0,,,,,,,,,,,,,,,,,,,,,,,,,,,
,,,,,,,,,,,,,,,,,,,,,,,,,,,,,,,,,49.0,,,,626.0,,,,,,,,,,,,,,,,,,,,,,,,,,,
,,,,,,,,,,,,,,,,,,,,,,,,,,,,,,,,,46.0,,,,625.0,,,,,,,,,,,,,,,,,,,,,,,,,,,
,,,,,,,,,,,,,,,,,,,,,,,,,,,,,,,,,44.0,,,,624.0,,,,,,,,,,,,,,,,,,,,,,,,,,,
,,,,,,,,,,,,,,,,,,,,,,,,,,,,,,,,,43.0,,,,624.0,,,,,,,,,,,,,,,,,,,,,,,,,,,
,,,,,,,,,,,,,,,,,,,,,,,,,,,,,,,,,43.0,,,,623.0,,,,,,,,,,,,,,,,,,,,,,,,,,,
,,,,,,,,,,,,,,,,,,,,,,,,,,,,,,,,,43.0,,,,623.0,,,,,,,,,,,,,,,,,,,,,,,,,,,
,,,,,,,,,,,,,,,,,,,,,,,,,,,,,,,,,42.0,,,,622.0,,,,,,,,,,,,,,,,,,,,,,,,,,,
,,,,,,,,,,,,,,,,,,,,,,,,,,,,,,,,,39.0,,,,621.0,,,,,,,,,,,,,,,,,,,,,,,,,,,
,,,,,,,,,,,,,,,,,,,,,,,,,,,,,,,,,35.0,,,,620.0,,,,,,,,,,,,,,,,,,,,,,,,,,,
,,,,,,,,,,,,,,,,,,,,,,,,,,,,,,,,,33.0,,,,620.0,,,,,,,,,,,,,,,,,,,,,,,,,,,
,,,,,,,,,,,,,,,,,,,,,,,,,,,,,,,,,31.0,,,,620.0,,,,,,,,,,,,,,,,,,,,,,,,,,,
,,,,,,,,,,,,,,,,,,,,,,,,,,,,,,,,,31.0,,,,619.0,,,,,,,,,,,,,,,,,,,,,,,,,,,
,,,,,,,,,,,,,,,,,,,,,,,,,,,,,,,,,28.0,,,,618.0,,,,,,,,,,,,,,,,,,,,,,,,,,,
,,,,,,,,,,,,,,,,,,,,,,,,,,,,,,,,,24.0,,,,618.0,,,,,,,,,,,,,,,,,,,,,,,,,,,
,,,,,,,,,,,,,,,,,,,,,,,,,,,,,,,,,23.0,,,,618.0,,,,,,,,,,,,,,,,,,,,,,,,,,,
,,,,,,,,,,,,,,,,,,,,,,,,,,,,,,,,,23.0,,,,617.0,,,,,,,,,,,,,,,,,,,,,,,,,,,
,,,,,,,,,,,,,,,,,,,,,,,,,,,,,,,,,21.0,,,,616.0,,,,,,,,,,,,,,,,,,,,,,,,,,,
,,,,,,,,,,,,,,,,,,,,,,,,,,,,,,,,,,,,,613.0,,,,,,,,,,,,,,,,,,,,,,,,,,,
,,,,,,,,,,,,,,,,,,,,,,,,,,,,,,,,,,,,,613.0,,,,,,,,,,,,,,,,,,,,,,,,,,,
,,,,,,,,,,,,,,,,,,,,,,,,,,,,,,,,,,,,,613.0,,,,,,,,,,,,,,,,,,,,,,,,,,,
,,,,,,,,,,,,,,,,,,,,,,,,,,,,,,,,,,,,,613.0,,,,,,,,,,,,,,,,,,,,,,,,,,,
,,,,,,,,,,,,,,,,,,,,,,,,,,,,,,,,,,,,,613.0,,,,,,,,,,,,,,,,,,,,,,,,,,,
,,,,,,,,,,,,,,,,,,,,,,,,,,,,,,,,,,,,,611.0,,,,,,,,,,,,,,,,,,,,,,,,,,,
,,,,,,,,,,,,,,,,,,,,,,,,,,,,,,,,,,,,,609.0,,,,,,,,,,,,,,,,,,,,,,,,,,,
,,,,,,,,,,,,,,,,,,,,,,,,,,,,,,,,,,,,,609.0,,,,,,,,,,,,,,,,,,,,,,,,,,,
,,,,,,,,,,,,,,,,,,,,,,,,,,,,,,,,,,,,,608.0,,,,,,,,,,,,,,,,,,,,,,,,,,,
,,,,,,,,,,,,,,,,,,,,,,,,,,,,,,,,,,,,,607.0,,,,,,,,,,,,,,,,,,,,,,,,,,,
,,,,,,,,,,,,,,,,,,,,,,,,,,,,,,,,,,,,,606.0,,,,,,,,,,,,,,,,,,,,,,,,,,,
,,,,,,,,,,,,,,,,,,,,,,,,,,,,,,,,,,,,,606.0,,,,,,,,,,,,,,,,,,,,,,,,,,,
,,,,,,,,,,,,,,,,,,,,,,,,,,,,,,,,,,,,,606.0,,,,,,,,,,,,,,,,,,,,,,,,,,,
,,,,,,,,,,,,,,,,,,,,,,,,,,,,,,,,,,,,,605.0,,,,,,,,,,,,,,,,,,,,,,,,,,,
,,,,,,,,,,,,,,,,,,,,,,,,,,,,,,,,,,,,,605.0,,,,,,,,,,,,,,,,,,,,,,,,,,,
,,,,,,,,,,,,,,,,,,,,,,,,,,,,,,,,,,,,,604.0,,,,,,,,,,,,,,,,,,,,,,,,,,,
,,,,,,,,,,,,,,,,,,,,,,,,,,,,,,,,,,,,,604.0,,,,,,,,,,,,,,,,,,,,,,,,,,,
,,,,,,,,,,,,,,,,,,,,,,,,,,,,,,,,,,,,,604.0,,,,,,,,,,,,,,,,,,,,,,,,,,,
,,,,,,,,,,,,,,,,,,,,,,,,,,,,,,,,,,,,,604.0,,,,,,,,,,,,,,,,,,,,,,,,,,,
,,,,,,,,,,,,,,,,,,,,,,,,,,,,,,,,,,,,,602.0,,,,,,,,,,,,,,,,,,,,,,,,,,,
,,,,,,,,,,,,,,,,,,,,,,,,,,,,,,,,,,,,,602.0,,,,,,,,,,,,,,,,,,,,,,,,,,,
,,,,,,,,,,,,,,,,,,,,,,,,,,,,,,,,,,,,,601.0,,,,,,,,,,,,,,,,,,,,,,,,,,,
,,,,,,,,,,,,,,,,,,,,,,,,,,,,,,,,,,,,,601.0,,,,,,,,,,,,,,,,,,,,,,,,,,,
,,,,,,,,,,,,,,,,,,,,,,,,,,,,,,,,,,,,,600.0,,,,,,,,,,,,,,,,,,,,,,,,,,,
,,,,,,,,,,,,,,,,,,,,,,,,,,,,,,,,,,,,,599.0,,,,,,,,,,,,,,,,,,,,,,,,,,,
,,,,,,,,,,,,,,,,,,,,,,,,,,,,,,,,,,,,,598.0,,,,,,,,,,,,,,,,,,,,,,,,,,,
,,,,,,,,,,,,,,,,,,,,,,,,,,,,,,,,,,,,,597.0,,,,,,,,,,,,,,,,,,,,,,,,,,,
,,,,,,,,,,,,,,,,,,,,,,,,,,,,,,,,,,,,,595.0,,,,,,,,,,,,,,,,,,,,,,,,,,,
,,,,,,,,,,,,,,,,,,,,,,,,,,,,,,,,,,,,,595.0,,,,,,,,,,,,,,,,,,,,,,,,,,,
,,,,,,,,,,,,,,,,,,,,,,,,,,,,,,,,,,,,,595.0,,,,,,,,,,,,,,,,,,,,,,,,,,,
,,,,,,,,,,,,,,,,,,,,,,,,,,,,,,,,,,,,,595.0,,,,,,,,,,,,,,,,,,,,,,,,,,,
,,,,,,,,,,,,,,,,,,,,,,,,,,,,,,,,,,,,,594.0,,,,,,,,,,,,,,,,,,,,,,,,,,,
,,,,,,,,,,,,,,,,,,,,,,,,,,,,,,,,,,,,,593.0,,,,,,,,,,,,,,,,,,,,,,,,,,,
,,,,,,,,,,,,,,,,,,,,,,,,,,,,,,,,,,,,,593.0,,,,,,,,,,,,,,,,,,,,,,,,,,,
,,,,,,,,,,,,,,,,,,,,,,,,,,,,,,,,,,,,,592.0,,,,,,,,,,,,,,,,,,,,,,,,,,,
,,,,,,,,,,,,,,,,,,,,,,,,,,,,,,,,,,,,,592.0,,,,,,,,,,,,,,,,,,,,,,,,,,,
,,,,,,,,,,,,,,,,,,,,,,,,,,,,,,,,,,,,,592.0,,,,,,,,,,,,,,,,,,,,,,,,,,,
,,,,,,,,,,,,,,,,,,,,,,,,,,,,,,,,,,,,,592.0,,,,,,,,,,,,,,,,,,,,,,,,,,,
,,,,,,,,,,,,,,,,,,,,,,,,,,,,,,,,,,,,,592.0,,,,,,,,,,,,,,,,,,,,,,,,,,,
,,,,,,,,,,,,,,,,,,,,,,,,,,,,,,,,,,,,,592.0,,,,,,,,,,,,,,,,,,,,,,,,,,,
,,,,,,,,,,,,,,,,,,,,,,,,,,,,,,,,,,,,,592.0,,,,,,,,,,,,,,,,,,,,,,,,,,,
,,,,,,,,,,,,,,,,,,,,,,,,,,,,,,,,,,,,,592.0,,,,,,,,,,,,,,,,,,,,,,,,,,,
,,,,,,,,,,,,,,,,,,,,,,,,,,,,,,,,,,,,,591.0,,,,,,,,,,,,,,,,,,,,,,,,,,,
,,,,,,,,,,,,,,,,,,,,,,,,,,,,,,,,,,,,,590.0,,,,,,,,,,,,,,,,,,,,,,,,,,,
,,,,,,,,,,,,,,,,,,,,,,,,,,,,,,,,,,,,,590.0,,,,,,,,,,,,,,,,,,,,,,,,,,,
,,,,,,,,,,,,,,,,,,,,,,,,,,,,,,,,,,,,,588.0,,,,,,,,,,,,,,,,,,,,,,,,,,,
,,,,,,,,,,,,,,,,,,,,,,,,,,,,,,,,,,,,,587.0,,,,,,,,,,,,,,,,,,,,,,,,,,,
,,,,,,,,,,,,,,,,,,,,,,,,,,,,,,,,,,,,,587.0,,,,,,,,,,,,,,,,,,,,,,,,,,,
,,,,,,,,,,,,,,,,,,,,,,,,,,,,,,,,,,,,,586.0,,,,,,,,,,,,,,,,,,,,,,,,,,,
,,,,,,,,,,,,,,,,,,,,,,,,,,,,,,,,,,,,,586.0,,,,,,,,,,,,,,,,,,,,,,,,,,,
,,,,,,,,,,,,,,,,,,,,,,,,,,,,,,,,,,,,,586.0,,,,,,,,,,,,,,,,,,,,,,,,,,,
,,,,,,,,,,,,,,,,,,,,,,,,,,,,,,,,,,,,,586.0,,,,,,,,,,,,,,,,,,,,,,,,,,,
,,,,,,,,,,,,,,,,,,,,,,,,,,,,,,,,,,,,,585.0,,,,,,,,,,,,,,,,,,,,,,,,,,,
,,,,,,,,,,,,,,,,,,,,,,,,,,,,,,,,,,,,,585.0,,,,,,,,,,,,,,,,,,,,,,,,,,,
,,,,,,,,,,,,,,,,,,,,,,,,,,,,,,,,,,,,,585.0,,,,,,,,,,,,,,,,,,,,,,,,,,,
,,,,,,,,,,,,,,,,,,,,,,,,,,,,,,,,,,,,,583.0,,,,,,,,,,,,,,,,,,,,,,,,,,,
,,,,,,,,,,,,,,,,,,,,,,,,,,,,,,,,,,,,,583.0,,,,,,,,,,,,,,,,,,,,,,,,,,,
,,,,,,,,,,,,,,,,,,,,,,,,,,,,,,,,,,,,,583.0,,,,,,,,,,,,,,,,,,,,,,,,,,,
,,,,,,,,,,,,,,,,,,,,,,,,,,,,,,,,,,,,,581.0,,,,,,,,,,,,,,,,,,,,,,,,,,,
,,,,,,,,,,,,,,,,,,,,,,,,,,,,,,,,,,,,,580.0,,,,,,,,,,,,,,,,,,,,,,,,,,,
,,,,,,,,,,,,,,,,,,,,,,,,,,,,,,,,,,,,,578.0,,,,,,,,,,,,,,,,,,,,,,,,,,,
,,,,,,,,,,,,,,,,,,,,,,,,,,,,,,,,,,,,,578.0,,,,,,,,,,,,,,,,,,,,,,,,,,,
,,,,,,,,,,,,,,,,,,,,,,,,,,,,,,,,,,,,,577.0,,,,,,,,,,,,,,,,,,,,,,,,,,,
,,,,,,,,,,,,,,,,,,,,,,,,,,,,,,,,,,,,,576.0,,,,,,,,,,,,,,,,,,,,,,,,,,,
,,,,,,,,,,,,,,,,,,,,,,,,,,,,,,,,,,,,,576.0,,,,,,,,,,,,,,,,,,,,,,,,,,,
,,,,,,,,,,,,,,,,,,,,,,,,,,,,,,,,,,,,,575.0,,,,,,,,,,,,,,,,,,,,,,,,,,,
,,,,,,,,,,,,,,,,,,,,,,,,,,,,,,,,,,,,,575.0,,,,,,,,,,,,,,,,,,,,,,,,,,,
,,,,,,,,,,,,,,,,,,,,,,,,,,,,,,,,,,,,,575.0,,,,,,,,,,,,,,,,,,,,,,,,,,,
,,,,,,,,,,,,,,,,,,,,,,,,,,,,,,,,,,,,,574.0,,,,,,,,,,,,,,,,,,,,,,,,,,,
,,,,,,,,,,,,,,,,,,,,,,,,,,,,,,,,,,,,,574.0,,,,,,,,,,,,,,,,,,,,,,,,,,,
,,,,,,,,,,,,,,,,,,,,,,,,,,,,,,,,,,,,,573.0,,,,,,,,,,,,,,,,,,,,,,,,,,,
,,,,,,,,,,,,,,,,,,,,,,,,,,,,,,,,,,,,,572.0,,,,,,,,,,,,,,,,,,,,,,,,,,,
,,,,,,,,,,,,,,,,,,,,,,,,,,,,,,,,,,,,,572.0,,,,,,,,,,,,,,,,,,,,,,,,,,,
,,,,,,,,,,,,,,,,,,,,,,,,,,,,,,,,,,,,,572.0,,,,,,,,,,,,,,,,,,,,,,,,,,,
,,,,,,,,,,,,,,,,,,,,,,,,,,,,,,,,,,,,,571.0,,,,,,,,,,,,,,,,,,,,,,,,,,,
,,,,,,,,,,,,,,,,,,,,,,,,,,,,,,,,,,,,,570.0,,,,,,,,,,,,,,,,,,,,,,,,,,,
,,,,,,,,,,,,,,,,,,,,,,,,,,,,,,,,,,,,,570.0,,,,,,,,,,,,,,,,,,,,,,,,,,,
,,,,,,,,,,,,,,,,,,,,,,,,,,,,,,,,,,,,,568.0,,,,,,,,,,,,,,,,,,,,,,,,,,,
,,,,,,,,,,,,,,,,,,,,,,,,,,,,,,,,,,,,,567.0,,,,,,,,,,,,,,,,,,,,,,,,,,,
,,,,,,,,,,,,,,,,,,,,,,,,,,,,,,,,,,,,,567.0,,,,,,,,,,,,,,,,,,,,,,,,,,,
,,,,,,,,,,,,,,,,,,,,,,,,,,,,,,,,,,,,,566.0,,,,,,,,,,,,,,,,,,,,,,,,,,,
,,,,,,,,,,,,,,,,,,,,,,,,,,,,,,,,,,,,,566.0,,,,,,,,,,,,,,,,,,,,,,,,,,,
,,,,,,,,,,,,,,,,,,,,,,,,,,,,,,,,,,,,,564.0,,,,,,,,,,,,,,,,,,,,,,,,,,,
,,,,,,,,,,,,,,,,,,,,,,,,,,,,,,,,,,,,,563.0,,,,,,,,,,,,,,,,,,,,,,,,,,,
,,,,,,,,,,,,,,,,,,,,,,,,,,,,,,,,,,,,,562.0,,,,,,,,,,,,,,,,,,,,,,,,,,,
,,,,,,,,,,,,,,,,,,,,,,,,,,,,,,,,,,,,,561.0,,,,,,,,,,,,,,,,,,,,,,,,,,,
,,,,,,,,,,,,,,,,,,,,,,,,,,,,,,,,,,,,,560.0,,,,,,,,,,,,,,,,,,,,,,,,,,,
,,,,,,,,,,,,,,,,,,,,,,,,,,,,,,,,,,,,,557.0,,,,,,,,,,,,,,,,,,,,,,,,,,,
,,,,,,,,,,,,,,,,,,,,,,,,,,,,,,,,,,,,,555.0,,,,,,,,,,,,,,,,,,,,,,,,,,,
,,,,,,,,,,,,,,,,,,,,,,,,,,,,,,,,,,,,,555.0,,,,,,,,,,,,,,,,,,,,,,,,,,,
,,,,,,,,,,,,,,,,,,,,,,,,,,,,,,,,,,,,,554.0,,,,,,,,,,,,,,,,,,,,,,,,,,,
,,,,,,,,,,,,,,,,,,,,,,,,,,,,,,,,,,,,,554.0,,,,,,,,,,,,,,,,,,,,,,,,,,,
,,,,,,,,,,,,,,,,,,,,,,,,,,,,,,,,,,,,,554.0,,,,,,,,,,,,,,,,,,,,,,,,,,,
,,,,,,,,,,,,,,,,,,,,,,,,,,,,,,,,,,,,,553.0,,,,,,,,,,,,,,,,,,,,,,,,,,,
,,,,,,,,,,,,,,,,,,,,,,,,,,,,,,,,,,,,,552.0,,,,,,,,,,,,,,,,,,,,,,,,,,,
,,,,,,,,,,,,,,,,,,,,,,,,,,,,,,,,,,,,,551.0,,,,,,,,,,,,,,,,,,,,,,,,,,,
,,,,,,,,,,,,,,,,,,,,,,,,,,,,,,,,,,,,,549.0,,,,,,,,,,,,,,,,,,,,,,,,,,,
,,,,,,,,,,,,,,,,,,,,,,,,,,,,,,,,,,,,,548.0,,,,,,,,,,,,,,,,,,,,,,,,,,,
,,,,,,,,,,,,,,,,,,,,,,,,,,,,,,,,,,,,,546.0,,,,,,,,,,,,,,,,,,,,,,,,,,,
,,,,,,,,,,,,,,,,,,,,,,,,,,,,,,,,,,,,,545.0,,,,,,,,,,,,,,,,,,,,,,,,,,,
,,,,,,,,,,,,,,,,,,,,,,,,,,,,,,,,,,,,,545.0,,,,,,,,,,,,,,,,,,,,,,,,,,,
,,,,,,,,,,,,,,,,,,,,,,,,,,,,,,,,,,,,,545.0,,,,,,,,,,,,,,,,,,,,,,,,,,,
,,,,,,,,,,,,,,,,,,,,,,,,,,,,,,,,,,,,,545.0,,,,,,,,,,,,,,,,,,,,,,,,,,,
,,,,,,,,,,,,,,,,,,,,,,,,,,,,,,,,,,,,,545.0,,,,,,,,,,,,,,,,,,,,,,,,,,,
,,,,,,,,,,,,,,,,,,,,,,,,,,,,,,,,,,,,,545.0,,,,,,,,,,,,,,,,,,,,,,,,,,,
,,,,,,,,,,,,,,,,,,,,,,,,,,,,,,,,,,,,,545.0,,,,,,,,,,,,,,,,,,,,,,,,,,,
,,,,,,,,,,,,,,,,,,,,,,,,,,,,,,,,,,,,,545.0,,,,,,,,,,,,,,,,,,,,,,,,,,,
,,,,,,,,,,,,,,,,,,,,,,,,,,,,,,,,,,,,,545.0,,,,,,,,,,,,,,,,,,,,,,,,,,,
,,,,,,,,,,,,,,,,,,,,,,,,,,,,,,,,,,,,,545.0,,,,,,,,,,,,,,,,,,,,,,,,,,,
,,,,,,,,,,,,,,,,,,,,,,,,,,,,,,,,,,,,,543.0,,,,,,,,,,,,,,,,,,,,,,,,,,,
,,,,,,,,,,,,,,,,,,,,,,,,,,,,,,,,,,,,,542.0,,,,,,,,,,,,,,,,,,,,,,,,,,,
,,,,,,,,,,,,,,,,,,,,,,,,,,,,,,,,,,,,,540.0,,,,,,,,,,,,,,,,,,,,,,,,,,,
,,,,,,,,,,,,,,,,,,,,,,,,,,,,,,,,,,,,,540.0,,,,,,,,,,,,,,,,,,,,,,,,,,,
,,,,,,,,,,,,,,,,,,,,,,,,,,,,,,,,,,,,,540.0,,,,,,,,,,,,,,,,,,,,,,,,,,,
,,,,,,,,,,,,,,,,,,,,,,,,,,,,,,,,,,,,,539.0,,,,,,,,,,,,,,,,,,,,,,,,,,,
,,,,,,,,,,,,,,,,,,,,,,,,,,,,,,,,,,,,,539.0,,,,,,,,,,,,,,,,,,,,,,,,,,,
,,,,,,,,,,,,,,,,,,,,,,,,,,,,,,,,,,,,,539.0,,,,,,,,,,,,,,,,,,,,,,,,,,,
,,,,,,,,,,,,,,,,,,,,,,,,,,,,,,,,,,,,,539.0,,,,,,,,,,,,,,,,,,,,,,,,,,,
,,,,,,,,,,,,,,,,,,,,,,,,,,,,,,,,,,,,,537.0,,,,,,,,,,,,,,,,,,,,,,,,,,,
,,,,,,,,,,,,,,,,,,,,,,,,,,,,,,,,,,,,,537.0,,,,,,,,,,,,,,,,,,,,,,,,,,,
,,,,,,,,,,,,,,,,,,,,,,,,,,,,,,,,,,,,,537.0,,,,,,,,,,,,,,,,,,,,,,,,,,,
,,,,,,,,,,,,,,,,,,,,,,,,,,,,,,,,,,,,,537.0,,,,,,,,,,,,,,,,,,,,,,,,,,,
,,,,,,,,,,,,,,,,,,,,,,,,,,,,,,,,,,,,,537.0,,,,,,,,,,,,,,,,,,,,,,,,,,,
,,,,,,,,,,,,,,,,,,,,,,,,,,,,,,,,,,,,,537.0,,,,,,,,,,,,,,,,,,,,,,,,,,,
,,,,,,,,,,,,,,,,,,,,,,,,,,,,,,,,,,,,,537.0,,,,,,,,,,,,,,,,,,,,,,,,,,,
,,,,,,,,,,,,,,,,,,,,,,,,,,,,,,,,,,,,,536.0,,,,,,,,,,,,,,,,,,,,,,,,,,,
,,,,,,,,,,,,,,,,,,,,,,,,,,,,,,,,,,,,,535.0,,,,,,,,,,,,,,,,,,,,,,,,,,,
,,,,,,,,,,,,,,,,,,,,,,,,,,,,,,,,,,,,,534.0,,,,,,,,,,,,,,,,,,,,,,,,,,,
,,,,,,,,,,,,,,,,,,,,,,,,,,,,,,,,,,,,,533.0,,,,,,,,,,,,,,,,,,,,,,,,,,,
,,,,,,,,,,,,,,,,,,,,,,,,,,,,,,,,,,,,,530.0,,,,,,,,,,,,,,,,,,,,,,,,,,,
,,,,,,,,,,,,,,,,,,,,,,,,,,,,,,,,,,,,,529.0,,,,,,,,,,,,,,,,,,,,,,,,,,,
,,,,,,,,,,,,,,,,,,,,,,,,,,,,,,,,,,,,,529.0,,,,,,,,,,,,,,,,,,,,,,,,,,,
,,,,,,,,,,,,,,,,,,,,,,,,,,,,,,,,,,,,,528.0,,,,,,,,,,,,,,,,,,,,,,,,,,,
,,,,,,,,,,,,,,,,,,,,,,,,,,,,,,,,,,,,,527.0,,,,,,,,,,,,,,,,,,,,,,,,,,,
,,,,,,,,,,,,,,,,,,,,,,,,,,,,,,,,,,,,,526.0,,,,,,,,,,,,,,,,,,,,,,,,,,,
,,,,,,,,,,,,,,,,,,,,,,,,,,,,,,,,,,,,,524.0,,,,,,,,,,,,,,,,,,,,,,,,,,,
,,,,,,,,,,,,,,,,,,,,,,,,,,,,,,,,,,,,,524.0,,,,,,,,,,,,,,,,,,,,,,,,,,,
,,,,,,,,,,,,,,,,,,,,,,,,,,,,,,,,,,,,,523.0,,,,,,,,,,,,,,,,,,,,,,,,,,,
,,,,,,,,,,,,,,,,,,,,,,,,,,,,,,,,,,,,,522.0,,,,,,,,,,,,,,,,,,,,,,,,,,,
,,,,,,,,,,,,,,,,,,,,,,,,,,,,,,,,,,,,,521.0,,,,,,,,,,,,,,,,,,,,,,,,,,,
,,,,,,,,,,,,,,,,,,,,,,,,,,,,,,,,,,,,,520.0,,,,,,,,,,,,,,,,,,,,,,,,,,,
,,,,,,,,,,,,,,,,,,,,,,,,,,,,,,,,,,,,,519.0,,,,,,,,,,,,,,,,,,,,,,,,,,,
,,,,,,,,,,,,,,,,,,,,,,,,,,,,,,,,,,,,,519.0,,,,,,,,,,,,,,,,,,,,,,,,,,,
,,,,,,,,,,,,,,,,,,,,,,,,,,,,,,,,,,,,,516.0,,,,,,,,,,,,,,,,,,,,,,,,,,,
,,,,,,,,,,,,,,,,,,,,,,,,,,,,,,,,,,,,,514.0,,,,,,,,,,,,,,,,,,,,,,,,,,,
,,,,,,,,,,,,,,,,,,,,,,,,,,,,,,,,,,,,,512.0,,,,,,,,,,,,,,,,,,,,,,,,,,,
,,,,,,,,,,,,,,,,,,,,,,,,,,,,,,,,,,,,,512.0,,,,,,,,,,,,,,,,,,,,,,,,,,,
,,,,,,,,,,,,,,,,,,,,,,,,,,,,,,,,,,,,,510.0,,,,,,,,,,,,,,,,,,,,,,,,,,,
,,,,,,,,,,,,,,,,,,,,,,,,,,,,,,,,,,,,,508.0,,,,,,,,,,,,,,,,,,,,,,,,,,,
,,,,,,,,,,,,,,,,,,,,,,,,,,,,,,,,,,,,,508.0,,,,,,,,,,,,,,,,,,,,,,,,,,,
,,,,,,,,,,,,,,,,,,,,,,,,,,,,,,,,,,,,,506.0,,,,,,,,,,,,,,,,,,,,,,,,,,,
,,,,,,,,,,,,,,,,,,,,,,,,,,,,,,,,,,,,,506.0,,,,,,,,,,,,,,,,,,,,,,,,,,,
,,,,,,,,,,,,,,,,,,,,,,,,,,,,,,,,,,,,,504.0,,,,,,,,,,,,,,,,,,,,,,,,,,,
,,,,,,,,,,,,,,,,,,,,,,,,,,,,,,,,,,,,,503.0,,,,,,,,,,,,,,,,,,,,,,,,,,,
,,,,,,,,,,,,,,,,,,,,,,,,,,,,,,,,,,,,,503.0,,,,,,,,,,,,,,,,,,,,,,,,,,,
,,,,,,,,,,,,,,,,,,,,,,,,,,,,,,,,,,,,,502.0,,,,,,,,,,,,,,,,,,,,,,,,,,,
,,,,,,,,,,,,,,,,,,,,,,,,,,,,,,,,,,,,,501.0,,,,,,,,,,,,,,,,,,,,,,,,,,,
,,,,,,,,,,,,,,,,,,,,,,,,,,,,,,,,,,,,,501.0,,,,,,,,,,,,,,,,,,,,,,,,,,,
,,,,,,,,,,,,,,,,,,,,,,,,,,,,,,,,,,,,,498.0,,,,,,,,,,,,,,,,,,,,,,,,,,,
,,,,,,,,,,,,,,,,,,,,,,,,,,,,,,,,,,,,,498.0,,,,,,,,,,,,,,,,,,,,,,,,,,,
,,,,,,,,,,,,,,,,,,,,,,,,,,,,,,,,,,,,,497.0,,,,,,,,,,,,,,,,,,,,,,,,,,,
,,,,,,,,,,,,,,,,,,,,,,,,,,,,,,,,,,,,,496.0,,,,,,,,,,,,,,,,,,,,,,,,,,,
,,,,,,,,,,,,,,,,,,,,,,,,,,,,,,,,,,,,,494.0,,,,,,,,,,,,,,,,,,,,,,,,,,,
,,,,,,,,,,,,,,,,,,,,,,,,,,,,,,,,,,,,,494.0,,,,,,,,,,,,,,,,,,,,,,,,,,,
,,,,,,,,,,,,,,,,,,,,,,,,,,,,,,,,,,,,,494.0,,,,,,,,,,,,,,,,,,,,,,,,,,,
,,,,,,,,,,,,,,,,,,,,,,,,,,,,,,,,,,,,,493.0,,,,,,,,,,,,,,,,,,,,,,,,,,,
,,,,,,,,,,,,,,,,,,,,,,,,,,,,,,,,,,,,,492.0,,,,,,,,,,,,,,,,,,,,,,,,,,,
,,,,,,,,,,,,,,,,,,,,,,,,,,,,,,,,,,,,,491.0,,,,,,,,,,,,,,,,,,,,,,,,,,,
,,,,,,,,,,,,,,,,,,,,,,,,,,,,,,,,,,,,,491.0,,,,,,,,,,,,,,,,,,,,,,,,,,,
,,,,,,,,,,,,,,,,,,,,,,,,,,,,,,,,,,,,,490.0,,,,,,,,,,,,,,,,,,,,,,,,,,,
,,,,,,,,,,,,,,,,,,,,,,,,,,,,,,,,,,,,,490.0,,,,,,,,,,,,,,,,,,,,,,,,,,,
,,,,,,,,,,,,,,,,,,,,,,,,,,,,,,,,,,,,,489.0,,,,,,,,,,,,,,,,,,,,,,,,,,,
,,,,,,,,,,,,,,,,,,,,,,,,,,,,,,,,,,,,,489.0,,,,,,,,,,,,,,,,,,,,,,,,,,,
,,,,,,,,,,,,,,,,,,,,,,,,,,,,,,,,,,,,,489.0,,,,,,,,,,,,,,,,,,,,,,,,,,,
,,,,,,,,,,,,,,,,,,,,,,,,,,,,,,,,,,,,,487.0,,,,,,,,,,,,,,,,,,,,,,,,,,,
,,,,,,,,,,,,,,,,,,,,,,,,,,,,,,,,,,,,,487.0,,,,,,,,,,,,,,,,,,,,,,,,,,,
,,,,,,,,,,,,,,,,,,,,,,,,,,,,,,,,,,,,,486.0,,,,,,,,,,,,,,,,,,,,,,,,,,,
,,,,,,,,,,,,,,,,,,,,,,,,,,,,,,,,,,,,,484.0,,,,,,,,,,,,,,,,,,,,,,,,,,,
,,,,,,,,,,,,,,,,,,,,,,,,,,,,,,,,,,,,,483.0,,,,,,,,,,,,,,,,,,,,,,,,,,,
,,,,,,,,,,,,,,,,,,,,,,,,,,,,,,,,,,,,,482.0,,,,,,,,,,,,,,,,,,,,,,,,,,,
,,,,,,,,,,,,,,,,,,,,,,,,,,,,,,,,,,,,,481.0,,,,,,,,,,,,,,,,,,,,,,,,,,,
,,,,,,,,,,,,,,,,,,,,,,,,,,,,,,,,,,,,,481.0,,,,,,,,,,,,,,,,,,,,,,,,,,,
,,,,,,,,,,,,,,,,,,,,,,,,,,,,,,,,,,,,,480.0,,,,,,,,,,,,,,,,,,,,,,,,,,,
,,,,,,,,,,,,,,,,,,,,,,,,,,,,,,,,,,,,,478.0,,,,,,,,,,,,,,,,,,,,,,,,,,,
,,,,,,,,,,,,,,,,,,,,,,,,,,,,,,,,,,,,,478.0,,,,,,,,,,,,,,,,,,,,,,,,,,,
,,,,,,,,,,,,,,,,,,,,,,,,,,,,,,,,,,,,,478.0,,,,,,,,,,,,,,,,,,,,,,,,,,,
,,,,,,,,,,,,,,,,,,,,,,,,,,,,,,,,,,,,,477.0,,,,,,,,,,,,,,,,,,,,,,,,,,,
,,,,,,,,,,,,,,,,,,,,,,,,,,,,,,,,,,,,,477.0,,,,,,,,,,,,,,,,,,,,,,,,,,,
,,,,,,,,,,,,,,,,,,,,,,,,,,,,,,,,,,,,,477.0,,,,,,,,,,,,,,,,,,,,,,,,,,,
,,,,,,,,,,,,,,,,,,,,,,,,,,,,,,,,,,,,,477.0,,,,,,,,,,,,,,,,,,,,,,,,,,,
,,,,,,,,,,,,,,,,,,,,,,,,,,,,,,,,,,,,,477.0,,,,,,,,,,,,,,,,,,,,,,,,,,,
,,,,,,,,,,,,,,,,,,,,,,,,,,,,,,,,,,,,,477.0,,,,,,,,,,,,,,,,,,,,,,,,,,,
,,,,,,,,,,,,,,,,,,,,,,,,,,,,,,,,,,,,,477.0,,,,,,,,,,,,,,,,,,,,,,,,,,,
,,,,,,,,,,,,,,,,,,,,,,,,,,,,,,,,,,,,,476.0,,,,,,,,,,,,,,,,,,,,,,,,,,,
,,,,,,,,,,,,,,,,,,,,,,,,,,,,,,,,,,,,,474.0,,,,,,,,,,,,,,,,,,,,,,,,,,,
